,0,1
2123,1729605601,3516.629
2124,1729605602,3515.258
2125,1729605603,3514.867
2126,1729605604,3515.633
2127,1729605605,3510.891
2128,1729605606,3510.723
2129,1729605607,3508.535
2130,1729605608,3505.918
2131,1729605609,3506.242
2132,1729605610,3509.32
2133,1729605611,3505.695
2134,1729605612,3506.836
2135,1729605613,3506.961
2136,1729605614,3506.664
2137,1729605615,3506.668
2138,1729605616,3503.984
2139,1729605617,3505.066
2140,1729605618,3505.652
2141,1729605619,3505.258
2142,1729605620,3505.102
2143,1729605621,3504.805
2144,1729605622,3505.129
2145,1729605623,3503.84
2146,1729605624,3504.156
2147,1729605625,3507.32
2148,1729605626,3504.832
2149,1729605627,3504.789
2150,1729605628,3507.215
2151,1729605629,3504.645
2152,1729605630,3505.484
2153,1729605631,3506.984
2154,1729605632,3506.18
2155,1729605633,3509.504
2156,1729605634,3508.047
2157,1729605635,3509.363
2158,1729605636,3510.41
2159,1729605637,3509.031
2160,1729605638,3507.152
2161,1729605639,3509.316
2162,1729605640,3509.43
2163,1729605641,3513.348
2164,1729605642,3502.148
2165,1729605643,3501.719
2166,1729605644,3500.73
2167,1729605645,3503.48
2168,1729605646,3506.227
2169,1729605647,3507.758
2170,1729605648,3511.707
2171,1729605649,3514.004
2172,1729605650,3516.074
2173,1729605651,3518.617
2174,1729605652,3513.352
2175,1729605653,3515.043
2176,1729605654,3510.559
2177,1729605655,3511.598
2178,1729605656,3508.402
2179,1729605657,3505.73
2180,1729605658,3506.199
2181,1729605659,3512.008
2182,1729605660,3513.812
2183,1729605661,3512.496
2184,1729605662,3512.992
2185,1729605663,3514.035
2186,1729605664,3509.18
2187,1729605665,3511.316
2188,1729605666,3512.852
2189,1729605667,3505.328
2190,1729605668,3505.793
2191,1729605669,3508.074
2192,1729605670,3506.703
2193,1729605671,3505.977
2194,1729605672,3504.184
2195,1729605673,3505.926
2196,1729605674,3507.309
2197,1729605675,3507.387
2198,1729605676,3506.695
2199,1729605677,3506.324
2200,1729605678,3502.957
2201,1729605679,3502.445
2202,1729605680,3505.906
2203,1729605681,3507.73
2204,1729605682,3510.324
2205,1729605683,3508.047
2206,1729605684,3508.578
2207,1729605685,3508.625
2208,1729605686,3504.207
2209,1729605687,3502.59
2210,1729605688,3504.105
2211,1729605689,3506.918
2212,1729605690,3507.867
2213,1729605691,3506.699
2214,1729605692,3506.605
2215,1729605693,3507.703
2216,1729605694,3507.371
2217,1729605695,3506.34
2218,1729605696,3506.531
2219,1729605697,3506.25
2220,1729605698,3506.898
2221,1729605699,3513.039
2222,1729605700,3511.141
2223,1729605701,3511.441
2224,1729605702,3510.996
2225,1729605703,3511.391
2226,1729605704,3512.656
2227,1729605705,3511.859
2228,1729605706,3511.352
2229,1729605707,3511.926
2230,1729605708,3509.883
2231,1729605709,3512.398
2232,1729605710,3515.074
2233,1729605711,3513.469
2234,1729605712,3508.602
2235,1729605713,3507.492
2236,1729605714,3508.352
2237,1729605715,3508.797
2238,1729605716,3504.516
2239,1729605717,3508.637
2240,1729605718,3509.578
2241,1729605719,3504.785
2242,1729605720,3509.32
2243,1729605721,3508.352
2244,1729605722,3508.875
2245,1729605723,3512.582
2246,1729605724,3508.68
2247,1729605725,3509.047
2248,1729605726,3500.906
2249,1729605727,3501.078
2250,1729605728,3504.52
2251,1729605729,3505.543
2252,1729605730,3510.949
2253,1729605731,3513.059
2254,1729605732,3511.898
2255,1729605733,3512.188
2256,1729605734,3509.047
2257,1729605735,3508.621
2258,1729605736,3507.902
2259,1729605737,3508.734
2260,1729605738,3509.871
2261,1729605739,3510.082
2262,1729605740,3511.742
2263,1729605741,3514.641
2264,1729605742,3510.969
2265,1729605743,3511.891
2266,1729605744,3513.129
2267,1729605745,3512.953
2268,1729605746,3513.691
2269,1729605747,3510.812
2270,1729605748,3505.664
2271,1729605749,3506.949
2272,1729605750,3508.516
2273,1729605751,3508.32
2274,1729605752,3509.0
2275,1729605753,3510.348
2276,1729605754,3510.629
2277,1729605755,3512.391
2278,1729605756,3512.984
2279,1729605757,3509.449
2280,1729605758,3508.348
2281,1729605759,3511.438
2282,1729605760,3510.414
2283,1729605761,3508.156
2284,1729605762,3509.645
2285,1729605763,3510.082
2286,1729605764,3512.289
2287,1729605765,3513.363
2288,1729605766,3515.477
2289,1729605767,3515.066
2290,1729605768,3512.18
2291,1729605769,3513.082
2292,1729605770,3509.742
2293,1729605771,3509.039
2294,1729605772,3508.273
2295,1729605773,3508.34
2296,1729605774,3508.836
2297,1729605775,3507.906
2298,1729605776,3504.32
2299,1729605777,3507.355
2300,1729605778,3508.574
2301,1729605779,3518.926
2302,1729605780,3533.391
2303,1729605781,3529.184
2304,1729605782,3529.77
2305,1729605783,3519.445
2306,1729605784,3517.664
2307,1729605785,3517.742
2308,1729605786,3515.617
2309,1729605787,3509.254
2310,1729605788,3512.473
2311,1729605789,3511.707
2312,1729605790,3512.344
2313,1729605791,3513.023
2314,1729605792,3511.547
2315,1729605793,3514.621
2316,1729605794,3515.031
2317,1729605795,3516.922
2318,1729605796,3509.918
2319,1729605797,3511.711
2320,1729605798,3515.762
2321,1729605799,3513.496
2322,1729605800,3514.094
2323,1729605801,3513.012
2324,1729605802,3513.137
2325,1729605803,3513.613
2326,1729605804,3514.328
2327,1729605805,3512.844
2328,1729605806,3510.734
2329,1729605807,3512.156
2330,1729605808,3512.871
2331,1729605809,3515.066
2332,1729605810,3515.875
2333,1729605811,3517.051
2334,1729605812,3514.848
2335,1729605813,3512.605
2336,1729605814,3516.598
2337,1729605815,3515.18
2338,1729605816,3513.258
2339,1729605817,3516.523
2340,1729605818,3515.387
2341,1729605819,3517.555
2342,1729605820,3517.977
2343,1729605821,3515.656
2344,1729605822,3514.727
2345,1729605823,3514.285
2346,1729605824,3514.301
2347,1729605825,3514.703
2348,1729605826,3517.527
2349,1729605827,3513.023
2350,1729605828,3536.973
2351,1729605829,3536.844
2352,1729605830,3539.297
2353,1729605831,3544.441
2354,1729605832,3533.094
2355,1729605833,3530.539
2356,1729605834,3531.422
2357,1729605835,3528.656
2358,1729605836,3523.215
2359,1729605837,3519.988
2360,1729605838,3519.41
2361,1729605839,3521.246
2362,1729605840,3521.945
2363,1729605841,3521.559
2364,1729605842,3518.453
2365,1729605843,3518.492
2366,1729605844,3518.207
2367,1729605845,3519.93
2368,1729605846,3518.422
2369,1729605847,3520.656
2370,1729605848,3518.137
2371,1729605849,3519.414
2372,1729605850,3518.16
2373,1729605851,3522.32
2374,1729605852,3521.188
2375,1729605853,3522.535
2376,1729605854,3522.934
2377,1729605855,3520.902
2378,1729605856,3521.449
2379,1729605857,3514.832
2380,1729605858,3517.086
2381,1729605859,3517.422
2382,1729605860,3521.852
2383,1729605861,3521.895
2384,1729605862,3520.551
2385,1729605863,3517.621
2386,1729605864,3516.938
2387,1729605865,3519.527
2388,1729605866,3520.527
2389,1729605867,3520.34
2390,1729605868,3520.059
2391,1729605869,3517.355
2392,1729605870,3519.742
2393,1729605871,3519.867
2394,1729605872,3519.082
2395,1729605873,3521.488
2396,1729605874,3521.66
2397,1729605875,3521.438
2398,1729605876,3522.633
2399,1729605877,3517.617
2400,1729605878,3518.434
2401,1729605879,3518.637
2402,1729605880,3516.082
2403,1729605881,3516.48
2404,1729605882,3518.055
2405,1729605883,3515.844
2406,1729605884,3520.258
2407,1729605885,3519.418
2408,1729605886,3517.852
2409,1729605887,3517.359
2410,1729605888,3518.059
2411,1729605889,3522.523
2412,1729605890,3525.52
2413,1729605891,3526.336
2414,1729605892,3525.742
2415,1729605893,3522.859
2416,1729605894,3523.945
2417,1729605895,3523.285
2418,1729605896,3522.664
2419,1729605897,3522.367
2420,1729605898,3522.191
2421,1729605899,3518.051
2422,1729605900,3525.137
2423,1729605901,3547.176
2424,1729605902,3546.516
2425,1729605903,3551.535
2426,1729605904,3556.781
2427,1729605905,3542.586
2428,1729605906,3540.203
2429,1729605907,3533.84
2430,1729605908,3530.234
2431,1729605909,3523.18
2432,1729605910,3521.336
2433,1729605911,3525.008
2434,1729605912,3525.973
2435,1729605913,3523.406
2436,1729605914,3523.176
2437,1729605915,3523.043
2438,1729605916,3523.352
2439,1729605917,3518.645
2440,1729605918,3519.285
2441,1729605919,3524.688
2442,1729605920,3520.832
2443,1729605921,3520.535
2444,1729605922,3520.637
2445,1729605923,3520.637
2446,1729605924,3521.664
2447,1729605925,3521.996
2448,1729605926,3519.672
2449,1729605927,3521.297
2450,1729605928,3522.441
2451,1729605929,3519.305
2452,1729605930,3521.52
2453,1729605931,3520.168
2454,1729605932,3519.953
2455,1729605933,3521.457
2456,1729605934,3520.781
2457,1729605935,3521.645
2458,1729605936,3520.754
2459,1729605937,3520.242
2460,1729605938,3522.324
2461,1729605939,3519.469
2462,1729605940,3523.254
2463,1729605941,3523.898
2464,1729605942,3524.723
2465,1729605943,3524.27
2466,1729605944,3522.379
2467,1729605945,3521.742
2468,1729605946,3522.312
2469,1729605947,3520.371
2470,1729605948,3520.848
2471,1729605949,3521.965
2472,1729605950,3519.309
2473,1729605951,3521.562
2474,1729605952,3521.922
2475,1729605953,3523.363
2476,1729605954,3522.152
2477,1729605955,3522.055
2478,1729605956,3523.859
2479,1729605957,3521.93
2480,1729605958,3522.641
2481,1729605959,3520.387
2482,1729605960,3523.652
2483,1729605961,3523.586
2484,1729605962,3522.527
2485,1729605963,3524.367
2486,1729605964,3522.484
2487,1729605965,3524.102
2488,1729605966,3521.957
2489,1729605967,3518.586
2490,1729605968,3518.539
2491,1729605969,3522.188
2492,1729605970,3520.199
2493,1729605971,3520.746
2494,1729605972,3519.91
2495,1729605973,3523.297
2496,1729605974,3521.363
2497,1729605975,3522.039
2498,1729605976,3523.254
2499,1729605977,3516.297
2500,1729605978,3517.09
2501,1729605979,3515.648
2502,1729605980,3517.098
2503,1729605981,3515.812
2504,1729605982,3515.645
2505,1729605983,3517.465
2506,1729605984,3519.113
2507,1729605985,3520.574
2508,1729605986,3519.855
2509,1729605987,3518.598
2510,1729605988,3521.434
2511,1729605989,3518.145
2512,1729605990,3518.805
2513,1729605991,3519.391
2514,1729605992,3518.598
2515,1729605993,3517.547
2516,1729605994,3517.5
2517,1729605995,3517.719
2518,1729605996,3520.426
2519,1729605997,3518.195
2520,1729605998,3522.871
2521,1729605999,3521.98
2522,1729606000,3519.449
2523,1729606001,3520.293
2524,1729606002,3519.641
2525,1729606003,3520.75
2526,1729606004,3522.047
2527,1729606005,3516.801
2528,1729606006,3516.703
2529,1729606007,3517.359
2530,1729606008,3519.152
2531,1729606009,3512.91
2532,1729606010,3517.57
2533,1729606011,3518.004
2534,1729606012,3516.004
2535,1729606013,3518.016
2536,1729606014,3518.758
2537,1729606015,3517.648
2538,1729606016,3516.785
2539,1729606017,3514.996
2540,1729606018,3519.57
2541,1729606019,3513.938
2542,1729606020,3519.129
2543,1729606021,3517.773
2544,1729606022,3515.926
2545,1729606023,3517.129
2546,1729606024,3518.84
2547,1729606025,3520.145
2548,1729606026,3519.395
2549,1729606027,3516.859
2550,1729606028,3516.852
2551,1729606029,3514.82
2552,1729606030,3518.332
2553,1729606031,3519.211
2554,1729606032,3519.547
2555,1729606033,3518.684
2556,1729606034,3520.184
2557,1729606035,3523.957
2558,1729606036,3524.707
2559,1729606037,3516.031
2560,1729606038,3519.012
2561,1729606039,3518.012
2562,1729606040,3517.363
2563,1729606041,3516.758
2564,1729606042,3519.711
2565,1729606043,3517.664
2566,1729606044,3519.141
2567,1729606045,3518.105
2568,1729606046,3520.301
2569,1729606047,3519.289
2570,1729606048,3520.328
2571,1729606049,3517.348
2572,1729606050,3518.941
2573,1729606051,3519.262
2574,1729606052,3519.039
2575,1729606053,3518.383
2576,1729606054,3521.344
2577,1729606055,3521.359
2578,1729606056,3520.891
2579,1729606057,3519.008
2580,1729606058,3521.605
2581,1729606059,3517.312
2582,1729606060,3518.398
2583,1729606061,3521.023
2584,1729606062,3520.371
2585,1729606063,3520.344
2586,1729606064,3519.871
2587,1729606065,3521.781
2588,1729606066,3522.371
2589,1729606067,3523.074
2590,1729606068,3521.633
2591,1729606069,3519.32
2592,1729606070,3517.852
2593,1729606071,3519.0
2594,1729606072,3517.949
2595,1729606073,3516.809
2596,1729606074,3517.668
2597,1729606075,3518.676
2598,1729606076,3515.652
2599,1729606077,3515.473
2600,1729606078,3514.918
2601,1729606079,3542.828
2602,1729606080,3547.527
2603,1729606081,3551.066
2604,1729606082,3551.613
2605,1729606083,3542.055
2606,1729606084,3541.258
2607,1729606085,3539.051
2608,1729606086,3537.707
2609,1729606087,3529.809
2610,1729606088,3532.449
2611,1729606089,3526.031
2612,1729606090,3528.785
2613,1729606091,3532.207
2614,1729606092,3531.68
2615,1729606093,3530.566
2616,1729606094,3529.422
2617,1729606095,3530.395
2618,1729606096,3530.23
2619,1729606097,3527.758
2620,1729606098,3565.105
2621,1729606099,3567.254
2622,1729606100,3565.422
2623,1729606101,3567.211
2624,1729606102,3555.109
2625,1729606103,3554.797
2626,1729606104,3556.59
2627,1729606105,3553.992
2628,1729606106,3547.559
2629,1729606107,3542.523
2630,1729606108,3542.441
2631,1729606109,3539.602
2632,1729606110,3539.418
2633,1729606111,3539.969
2634,1729606112,3532.086
2635,1729606113,3534.121
2636,1729606114,3532.637
2637,1729606115,3533.305
2638,1729606116,3533.926
2639,1729606117,3530.234
2640,1729606118,3529.996
2641,1729606119,3523.746
2642,1729606120,3527.184
2643,1729606121,3534.562
2644,1729606122,3532.988
2645,1729606123,3534.062
2646,1729606124,3533.738
2647,1729606125,3534.633
2648,1729606126,3532.867
2649,1729606127,3532.023
2650,1729606128,3531.211
2651,1729606129,3530.016
2652,1729606130,3532.223
2653,1729606131,3534.094
2654,1729606132,3536.07
2655,1729606133,3533.832
2656,1729606134,3535.207
2657,1729606135,3533.098
2658,1729606136,3532.391
2659,1729606137,3531.023
2660,1729606138,3535.184
2661,1729606139,3533.082
2662,1729606140,3537.797
2663,1729606141,3536.723
2664,1729606142,3540.633
2665,1729606143,3551.117
2666,1729606144,3552.891
2667,1729606145,3548.691
2668,1729606146,3543.625
2669,1729606147,3542.508
2670,1729606148,3541.527
2671,1729606149,3535.91
2672,1729606150,3535.691
2673,1729606151,3538.066
2674,1729606152,3536.508
2675,1729606153,3536.305
2676,1729606154,3538.34
2677,1729606155,3538.352
2678,1729606156,3539.691
2679,1729606157,3564.535
2680,1729606158,3563.18
2681,1729606159,3566.699
2682,1729606160,3555.012
2683,1729606161,3556.277
2684,1729606162,3558.379
2685,1729606163,3560.078
2686,1729606164,3555.938
2687,1729606165,3557.176
2688,1729606166,3557.496
2689,1729606167,3549.445
2690,1729606168,3552.859
2691,1729606169,3555.195
2692,1729606170,3557.559
2693,1729606171,3558.855
2694,1729606172,3551.781
2695,1729606173,3552.379
2696,1729606174,3548.887
2697,1729606175,3547.906
2698,1729606176,3541.59
2699,1729606177,3538.344
2700,1729606178,3537.988
2701,1729606179,3534.273
2702,1729606180,3534.785
2703,1729606181,3535.484
2704,1729606182,3536.09
2705,1729606183,3535.801
2706,1729606184,3539.578
2707,1729606185,3538.477
2708,1729606186,3537.371
2709,1729606187,3533.066
2710,1729606188,3535.367
2711,1729606189,3535.805
2712,1729606190,3534.777
2713,1729606191,3535.512
2714,1729606192,3533.188
2715,1729606193,3534.07
2716,1729606194,3536.332
2717,1729606195,3538.297
2718,1729606196,3537.297
2719,1729606197,3530.891
2720,1729606198,3536.508
2721,1729606199,3537.883
2722,1729606200,3537.809
2723,1729606201,3540.121
2724,1729606202,3540.266
2725,1729606203,3539.043
2726,1729606204,3537.641
2727,1729606205,3537.676
2728,1729606206,3534.98
2729,1729606207,3527.418
2730,1729606208,3531.516
2731,1729606209,3536.941
2732,1729606210,3537.492
2733,1729606211,3533.66
2734,1729606212,3531.633
2735,1729606213,3533.848
2736,1729606214,3536.281
2737,1729606215,3536.52
2738,1729606216,3532.859
2739,1729606217,3533.031
2740,1729606218,3531.492
2741,1729606219,3528.949
2742,1729606220,3529.824
2743,1729606221,3529.016
2744,1729606222,3532.129
2745,1729606223,3533.094
2746,1729606224,3532.934
2747,1729606225,3533.484
2748,1729606226,3535.387
2749,1729606227,3532.375
2750,1729606228,3532.129
2751,1729606229,3524.594
2752,1729606230,3526.68
2753,1729606231,3529.324
2754,1729606232,3528.883
2755,1729606233,3529.586
2756,1729606234,3531.305
2757,1729606235,3531.949
2758,1729606236,3531.129
2759,1729606237,3535.465
2760,1729606238,3534.07
2761,1729606239,3531.062
2762,1729606240,3533.758
2763,1729606241,3533.984
2764,1729606242,3534.391
2765,1729606243,3537.383
2766,1729606244,3537.824
2767,1729606245,3538.516
2768,1729606246,3540.906
2769,1729606247,3541.312
2770,1729606248,3537.434
2771,1729606249,3538.09
2772,1729606250,3536.293
2773,1729606251,3536.77
2774,1729606252,3534.582
2775,1729606253,3534.133
2776,1729606254,3533.875
2777,1729606255,3533.707
2778,1729606256,3533.258
2779,1729606257,3529.066
2780,1729606258,3529.168
2781,1729606259,3527.113
2782,1729606260,3528.781
2783,1729606261,3533.969
2784,1729606262,3533.773
2785,1729606263,3532.656
2786,1729606264,3531.695
2787,1729606265,3533.445
2788,1729606266,3536.238
2789,1729606267,3533.504
2790,1729606268,3534.508
2791,1729606269,3532.078
2792,1729606270,3529.316
2793,1729606271,3538.414
2794,1729606272,3539.422
2795,1729606273,3539.156
2796,1729606274,3538.676
2797,1729606275,3539.512
2798,1729606276,3536.328
2799,1729606277,3536.027
2800,1729606278,3535.676
2801,1729606279,3534.336
2802,1729606280,3535.773
2803,1729606281,3537.172
2804,1729606282,3536.238
2805,1729606283,3537.086
2806,1729606284,3539.43
2807,1729606285,3544.324
2808,1729606286,3545.664
2809,1729606287,3539.359
2810,1729606288,3537.086
2811,1729606289,3533.023
2812,1729606290,3534.492
2813,1729606291,3534.328
2814,1729606292,3533.555
2815,1729606293,3533.91
2816,1729606294,3535.496
2817,1729606295,3538.969
2818,1729606296,3541.0
2819,1729606297,3538.898
2820,1729606298,3534.859
2821,1729606299,3531.547
2822,1729606300,3532.047
2823,1729606301,3534.965
2824,1729606302,3536.531
2825,1729606303,3534.266
2826,1729606304,3533.035
2827,1729606305,3536.727
2828,1729606306,3536.223
2829,1729606307,3536.055
2830,1729606308,3537.898
2831,1729606309,3531.367
2832,1729606310,3532.027
2833,1729606311,3532.23
2834,1729606312,3535.0
2835,1729606313,3537.914
2836,1729606314,3536.738
2837,1729606315,3539.238
2838,1729606316,3536.945
2839,1729606317,3533.016
2840,1729606318,3533.484
2841,1729606319,3530.559
2842,1729606320,3532.594
2843,1729606321,3532.902
2844,1729606322,3532.832
2845,1729606323,3534.449
2846,1729606324,3534.672
2847,1729606325,3532.641
2848,1729606326,3532.934
2849,1729606327,3532.926
2850,1729606328,3533.336
2851,1729606329,3531.934
2852,1729606330,3533.551
2853,1729606331,3538.312
2854,1729606332,3539.016
2855,1729606333,3537.984
2856,1729606334,3537.676
2857,1729606335,3538.203
2858,1729606336,3541.234
2859,1729606337,3540.387
2860,1729606338,3538.734
2861,1729606339,3538.285
2862,1729606340,3539.5
2863,1729606341,3535.047
2864,1729606342,3536.027
2865,1729606343,3538.758
2866,1729606344,3541.148
2867,1729606345,3537.344
2868,1729606346,3536.441
2869,1729606347,3527.688
2870,1729606348,3527.551
2871,1729606349,3526.078
2872,1729606350,3524.359
2873,1729606351,3527.469
2874,1729606352,3534.113
2875,1729606353,3532.426
2876,1729606354,3531.012
2877,1729606355,3529.707
2878,1729606356,3529.957
2879,1729606357,3525.23
2880,1729606358,3527.289
2881,1729606359,3526.785
2882,1729606360,3527.977
2883,1729606361,3529.09
2884,1729606362,3531.469
2885,1729606363,3531.828
2886,1729606364,3534.586
2887,1729606365,3535.512
2888,1729606366,3541.695
2889,1729606367,3540.219
2890,1729606368,3546.453
2891,1729606369,3543.215
2892,1729606370,3538.219
2893,1729606371,3537.316
2894,1729606372,3536.562
2895,1729606373,3533.742
2896,1729606374,3536.246
2897,1729606375,3534.176
2898,1729606376,3534.336
2899,1729606377,3531.324
2900,1729606378,3539.898
2901,1729606379,3557.227
2902,1729606380,3560.488
2903,1729606381,3562.434
2904,1729606382,3549.559
2905,1729606383,3548.395
2906,1729606384,3545.625
2907,1729606385,3544.77
2908,1729606386,3543.352
2909,1729606387,3542.18
2910,1729606388,3541.902
2911,1729606389,3538.977
2912,1729606390,3537.27
2913,1729606391,3541.32
2914,1729606392,3539.965
2915,1729606393,3538.688
2916,1729606394,3536.801
2917,1729606395,3537.051
2918,1729606396,3536.844
2919,1729606397,3536.168
2920,1729606398,3538.047
2921,1729606399,3537.547
2922,1729606400,3538.512
2923,1729606401,3535.172
2924,1729606402,3533.676
2925,1729606403,3532.707
2926,1729606404,3533.598
2927,1729606405,3534.102
2928,1729606406,3538.473
2929,1729606407,3537.797
2930,1729606408,3540.668
2931,1729606409,3541.371
2932,1729606410,3538.824
2933,1729606411,3536.621
2934,1729606412,3537.758
2935,1729606413,3542.387
2936,1729606414,3545.324
2937,1729606415,3545.734
2938,1729606416,3547.785
2939,1729606417,3550.77
2940,1729606418,3547.039
2941,1729606419,3537.566
2942,1729606420,3537.703
2943,1729606421,3540.668
2944,1729606422,3540.82
2945,1729606423,3537.086
2946,1729606424,3538.688
2947,1729606425,3539.523
2948,1729606426,3539.438
2949,1729606427,3536.801
2950,1729606428,3537.949
2951,1729606429,3535.254
2952,1729606430,3535.738
2953,1729606431,3537.312
2954,1729606432,3538.242
2955,1729606433,3538.355
2956,1729606434,3539.293
2957,1729606435,3537.398
2958,1729606436,3536.879
2959,1729606437,3534.809
2960,1729606438,3532.805
2961,1729606439,3532.043
2962,1729606440,3537.105
2963,1729606441,3542.699
2964,1729606442,3543.453
2965,1729606443,3538.363
2966,1729606444,3540.555
2967,1729606445,3542.281
2968,1729606446,3543.867
2969,1729606447,3541.461
2970,1729606448,3540.828
2971,1729606449,3538.07
2972,1729606450,3535.645
2973,1729606451,3536.57
2974,1729606452,3537.805
2975,1729606453,3535.855
2976,1729606454,3535.859
2977,1729606455,3545.227
2978,1729606456,3544.711
2979,1729606457,3537.953
2980,1729606458,3538.719
2981,1729606459,3536.328
2982,1729606460,3536.613
2983,1729606461,3539.812
2984,1729606462,3541.0
2985,1729606463,3542.047
2986,1729606464,3539.305
2987,1729606465,3539.562
2988,1729606466,3539.086
2989,1729606467,3541.633
2990,1729606468,3548.293
2991,1729606469,3538.785
2992,1729606470,3537.965
2993,1729606471,3533.535
2994,1729606472,3536.977
2995,1729606473,3539.273
2996,1729606474,3539.973
2997,1729606475,3539.445
2998,1729606476,3542.316
2999,1729606477,3537.512
3000,1729606478,3539.305
3001,1729606479,3537.078
3002,1729606480,3536.625
3003,1729606481,3535.285
3004,1729606482,3539.953
3005,1729606483,3542.676
3006,1729606484,3540.117
3007,1729606485,3539.172
3008,1729606486,3541.996
3009,1729606487,3539.672
3010,1729606488,3535.887
3011,1729606489,3535.18
3012,1729606490,3534.105
3013,1729606491,3533.641
3014,1729606492,3535.777
3015,1729606493,3541.176
3016,1729606494,3540.508
3017,1729606495,3539.25
3018,1729606496,3538.102
3019,1729606497,3536.805
3020,1729606498,3544.957
3021,1729606499,3551.18
3022,1729606500,3552.082
3023,1729606501,3555.641
3024,1729606502,3556.445
3025,1729606503,3556.176
3026,1729606504,3554.152
3027,1729606505,3551.629
3028,1729606506,3551.281
3029,1729606507,3549.605
3030,1729606508,3552.219
3031,1729606509,3555.305
3032,1729606510,3553.992
3033,1729606511,3552.855
3034,1729606512,3551.398
3035,1729606513,3551.406
3036,1729606514,3553.523
3037,1729606515,3550.949
3038,1729606516,3556.121
3039,1729606517,3553.117
3040,1729606518,3554.293
3041,1729606519,3556.75
3042,1729606520,3553.473
3043,1729606521,3552.949
3044,1729606522,3553.293
3045,1729606523,3551.457
3046,1729606524,3553.52
3047,1729606525,3551.859
3048,1729606526,3553.656
3049,1729606527,3553.578
3050,1729606528,3554.453
3051,1729606529,3552.605
3052,1729606530,3553.227
3053,1729606531,3553.789
3054,1729606532,3552.203
3055,1729606533,3552.008
3056,1729606534,3549.5
3057,1729606535,3547.078
3058,1729606536,3548.688
3059,1729606537,3550.07
3060,1729606538,3547.93
3061,1729606539,3548.578
3062,1729606540,3552.895
3063,1729606541,3552.324
3064,1729606542,3552.312
3065,1729606543,3552.672
3066,1729606544,3551.965
3067,1729606545,3549.559
3068,1729606546,3551.961
3069,1729606547,3551.043
3070,1729606548,3550.219
3071,1729606549,3548.801
3072,1729606550,3552.176
3073,1729606551,3556.664
3074,1729606552,3545.969
3075,1729606553,3541.539
3076,1729606554,3543.703
3077,1729606555,3538.91
3078,1729606556,3539.203
3079,1729606557,3542.031
3080,1729606558,3536.699
3081,1729606559,3531.109
3082,1729606560,3529.18
3083,1729606561,3529.664
3084,1729606562,3534.246
3085,1729606563,3537.973
3086,1729606564,3538.246
3087,1729606565,3538.977
3088,1729606566,3536.422
3089,1729606567,3536.938
3090,1729606568,3534.617
3091,1729606569,3532.477
3092,1729606570,3534.973
3093,1729606571,3534.559
3094,1729606572,3534.895
3095,1729606573,3534.266
3096,1729606574,3535.531
3097,1729606575,3537.75
3098,1729606576,3537.879
3099,1729606577,3537.43
3100,1729606578,3535.145
3101,1729606579,3536.227
3102,1729606580,3535.09
3103,1729606581,3535.902
3104,1729606582,3535.0
3105,1729606583,3533.371
3106,1729606584,3536.781
3107,1729606585,3536.707
3108,1729606586,3535.973
3109,1729606587,3534.727
3110,1729606588,3531.926
3111,1729606589,3534.793
3112,1729606590,3534.68
3113,1729606591,3533.621
3114,1729606592,3535.273
3115,1729606593,3534.344
3116,1729606594,3535.125
3117,1729606595,3534.887
3118,1729606596,3535.66
3119,1729606597,3534.141
3120,1729606598,3531.941
3121,1729606599,3535.836
3122,1729606600,3535.523
3123,1729606601,3534.375
3124,1729606602,3534.031
3125,1729606603,3532.18
3126,1729606604,3538.785
3127,1729606605,3540.734
3128,1729606606,3542.781
3129,1729606607,3541.602
3130,1729606608,3535.766
3131,1729606609,3536.066
3132,1729606610,3536.852
3133,1729606611,3533.457
3134,1729606612,3535.703
3135,1729606613,3533.164
3136,1729606614,3530.184
3137,1729606615,3531.988
3138,1729606616,3530.191
3139,1729606617,3529.578
3140,1729606618,3533.375
3141,1729606619,3533.703
3142,1729606620,3533.582
3143,1729606621,3533.352
3144,1729606622,3533.562
3145,1729606623,3535.969
3146,1729606624,3534.836
3147,1729606625,3534.621
3148,1729606626,3533.418
3149,1729606627,3536.152
3150,1729606628,3539.441
3151,1729606629,3540.617
3152,1729606630,3542.465
3153,1729606631,3543.605
3154,1729606632,3546.418
3155,1729606633,3548.379
3156,1729606634,3546.844
3157,1729606635,3547.887
3158,1729606636,3548.492
3159,1729606637,3547.523
3160,1729606638,3550.836
3161,1729606639,3557.547
3162,1729606640,3559.035
3163,1729606641,3557.355
3164,1729606642,3554.906
3165,1729606643,3556.797
3166,1729606644,3558.32
3167,1729606645,3554.246
3168,1729606646,3553.406
3169,1729606647,3552.766
3170,1729606648,3546.926
3171,1729606649,3545.723
3172,1729606650,3546.562
3173,1729606651,3545.84
3174,1729606652,3545.777
3175,1729606653,3543.598
3176,1729606654,3543.922
3177,1729606655,3542.664
3178,1729606656,3541.789
3179,1729606657,3540.676
3180,1729606658,3536.887
3181,1729606659,3534.66
3182,1729606660,3539.461
3183,1729606661,3543.098
3184,1729606662,3545.984
3185,1729606663,3544.469
3186,1729606664,3545.113
3187,1729606665,3552.586
3188,1729606666,3556.996
3189,1729606667,3556.676
3190,1729606668,3554.621
3191,1729606669,3552.418
3192,1729606670,3553.848
3193,1729606671,3557.797
3194,1729606672,3557.781
3195,1729606673,3558.27
3196,1729606674,3557.336
3197,1729606675,3560.672
3198,1729606676,3559.828
3199,1729606677,3556.395
3200,1729606678,3553.781
3201,1729606679,3560.871
3202,1729606680,3570.809
3203,1729606681,3569.098
3204,1729606682,3566.066
3205,1729606683,3556.277
3206,1729606684,3553.383
3207,1729606685,3552.023
3208,1729606686,3553.961
3209,1729606687,3550.863
3210,1729606688,3550.32
3211,1729606689,3555.316
3212,1729606690,3549.941
3213,1729606691,3550.258
3214,1729606692,3549.672
3215,1729606693,3546.398
3216,1729606694,3545.758
3217,1729606695,3544.859
3218,1729606696,3545.176
3219,1729606697,3540.859
3220,1729606698,3539.402
3221,1729606699,3538.379
3222,1729606700,3537.418
3223,1729606701,3539.902
3224,1729606702,3539.816
3225,1729606703,3541.219
3226,1729606704,3543.508
3227,1729606705,3543.691
3228,1729606706,3546.379
3229,1729606707,3543.887
3230,1729606708,3541.316
3231,1729606709,3539.047
3232,1729606710,3535.434
3233,1729606711,3536.633
3234,1729606712,3534.492
3235,1729606713,3535.621
3236,1729606714,3537.387
3237,1729606715,3545.715
3238,1729606716,3553.477
3239,1729606717,3550.484
3240,1729606718,3548.527
3241,1729606719,3548.039
3242,1729606720,3547.926
3243,1729606721,3547.781
3244,1729606722,3550.23
3245,1729606723,3548.875
3246,1729606724,3549.867
3247,1729606725,3551.574
3248,1729606726,3556.395
3249,1729606727,3553.297
3250,1729606728,3550.293
3251,1729606729,3548.352
3252,1729606730,3542.582
3253,1729606731,3541.094
3254,1729606732,3540.906
3255,1729606733,3539.871
3256,1729606734,3540.992
3257,1729606735,3541.793
3258,1729606736,3541.848
3259,1729606737,3547.16
3260,1729606738,3548.082
3261,1729606739,3547.746
3262,1729606740,3541.016
3263,1729606741,3545.859
3264,1729606742,3544.328
3265,1729606743,3544.926
3266,1729606744,3547.457
3267,1729606745,3541.375
3268,1729606746,3537.328
3269,1729606747,3538.199
3270,1729606748,3537.426
3271,1729606749,3539.0
3272,1729606750,3538.305
3273,1729606751,3539.773
3274,1729606752,3539.023
3275,1729606753,3539.555
3276,1729606754,3539.477
3277,1729606755,3541.754
3278,1729606756,3544.168
3279,1729606757,3538.223
3280,1729606758,3538.738
3281,1729606759,3536.105
3282,1729606760,3536.504
3283,1729606761,3541.031
3284,1729606762,3543.621
3285,1729606763,3544.773
3286,1729606764,3547.234
3287,1729606765,3546.676
3288,1729606766,3544.949
3289,1729606767,3542.121
3290,1729606768,3535.301
3291,1729606769,3537.086
3292,1729606770,3534.207
3293,1729606771,3535.477
3294,1729606772,3530.086
3295,1729606773,3533.469
3296,1729606774,3534.031
3297,1729606775,3534.816
3298,1729606776,3536.742
3299,1729606777,3536.293
3300,1729606778,3537.773
3301,1729606779,3540.352
3302,1729606780,3536.562
3303,1729606781,3540.816
3304,1729606782,3544.469
3305,1729606783,3543.297
3306,1729606784,3543.129
3307,1729606785,3541.043
3308,1729606786,3541.52
3309,1729606787,3541.75
3310,1729606788,3544.332
3311,1729606789,3546.492
3312,1729606790,3546.91
3313,1729606791,3550.645
3314,1729606792,3552.32
3315,1729606793,3546.812
3316,1729606794,3548.195
3317,1729606795,3548.93
3318,1729606796,3549.688
3319,1729606797,3541.227
3320,1729606798,3544.07
3321,1729606799,3542.805
3322,1729606800,3538.379
3323,1729606801,3564.266
3324,1729606802,3566.621
3325,1729606803,3563.637
3326,1729606804,3564.109
3327,1729606805,3561.668
3328,1729606806,3560.016
3329,1729606807,3556.785
3330,1729606808,3558.785
3331,1729606809,3554.914
3332,1729606810,3554.211
3333,1729606811,3557.254
3334,1729606812,3552.352
3335,1729606813,3546.645
3336,1729606814,3583.781
3337,1729606815,3588.66
3338,1729606816,3587.492
3339,1729606817,3586.645
3340,1729606818,3568.863
3341,1729606819,3567.906
3342,1729606820,3566.703
3343,1729606821,3569.004
3344,1729606822,3563.16
3345,1729606823,3559.352
3346,1729606824,3557.449
3347,1729606825,3557.816
3348,1729606826,3558.324
3349,1729606827,3556.273
3350,1729606828,3551.727
3351,1729606829,3555.051
3352,1729606830,3555.887
3353,1729606831,3558.02
3354,1729606832,3561.25
3355,1729606833,3559.566
3356,1729606834,3555.496
3357,1729606835,3555.703
3358,1729606836,3554.391
3359,1729606837,3553.852
3360,1729606838,3555.344
3361,1729606839,3551.715
3362,1729606840,3554.902
3363,1729606841,3556.809
3364,1729606842,3558.582
3365,1729606843,3561.395
3366,1729606844,3561.012
3367,1729606845,3559.609
3368,1729606846,3558.43
3369,1729606847,3558.273
3370,1729606848,3556.82
3371,1729606849,3555.016
3372,1729606850,3554.125
3373,1729606851,3555.203
3374,1729606852,3554.664
3375,1729606853,3551.918
3376,1729606854,3549.297
3377,1729606855,3546.348
3378,1729606856,3548.398
3379,1729606857,3547.887
3380,1729606858,3549.789
3381,1729606859,3558.672
3382,1729606860,3563.352
3383,1729606861,3560.816
3384,1729606862,3559.961
3385,1729606863,3557.492
3386,1729606864,3559.879
3387,1729606865,3555.711
3388,1729606866,3554.66
3389,1729606867,3555.531
3390,1729606868,3552.672
3391,1729606869,3556.105
3392,1729606870,3558.477
3393,1729606871,3561.922
3394,1729606872,3560.227
3395,1729606873,3561.469
3396,1729606874,3561.676
3397,1729606875,3562.109
3398,1729606876,3562.605
3399,1729606877,3556.465
3400,1729606878,3555.129
3401,1729606879,3555.82
3402,1729606880,3558.73
3403,1729606881,3558.43
3404,1729606882,3556.645
3405,1729606883,3556.145
3406,1729606884,3553.824
3407,1729606885,3553.52
3408,1729606886,3556.086
3409,1729606887,3552.055
3410,1729606888,3553.391
3411,1729606889,3555.117
3412,1729606890,3556.816
3413,1729606891,3559.371
3414,1729606892,3557.555
3415,1729606893,3558.594
3416,1729606894,3556.48
3417,1729606895,3549.355
3418,1729606896,3548.195
3419,1729606897,3547.617
3420,1729606898,3545.215
3421,1729606899,3545.984
3422,1729606900,3540.977
3423,1729606901,3544.676
3424,1729606902,3546.414
3425,1729606903,3544.875
3426,1729606904,3546.289
3427,1729606905,3545.906
3428,1729606906,3545.648
3429,1729606907,3546.641
3430,1729606908,3539.184
3431,1729606909,3541.953
3432,1729606910,3541.539
3433,1729606911,3543.086
3434,1729606912,3544.852
3435,1729606913,3547.996
3436,1729606914,3549.797
3437,1729606915,3547.629
3438,1729606916,3548.328
3439,1729606917,3548.508
3440,1729606918,3546.516
3441,1729606919,3540.559
3442,1729606920,3539.59
3443,1729606921,3546.258
3444,1729606922,3546.637
3445,1729606923,3547.664
3446,1729606924,3545.066
3447,1729606925,3542.918
3448,1729606926,3544.852
3449,1729606927,3546.98
3450,1729606928,3547.586
3451,1729606929,3549.461
3452,1729606930,3548.852
3453,1729606931,3551.234
3454,1729606932,3550.91
3455,1729606933,3552.445
3456,1729606934,3552.5
3457,1729606935,3549.027
3458,1729606936,3552.945
3459,1729606937,3554.648
3460,1729606938,3547.168
3461,1729606939,3544.043
3462,1729606940,3545.152
3463,1729606941,3548.359
3464,1729606942,3547.398
3465,1729606943,3545.707
3466,1729606944,3547.629
3467,1729606945,3549.102
3468,1729606946,3547.641
3469,1729606947,3550.234
3470,1729606948,3547.496
3471,1729606949,3547.871
3472,1729606950,3542.953
3473,1729606951,3544.52
3474,1729606952,3548.633
3475,1729606953,3545.629
3476,1729606954,3545.652
3477,1729606955,3547.031
3478,1729606956,3547.344
3479,1729606957,3540.539
3480,1729606958,3537.309
3481,1729606959,3540.266
3482,1729606960,3541.82
3483,1729606961,3542.711
3484,1729606962,3545.008
3485,1729606963,3545.812
3486,1729606964,3545.105
3487,1729606965,3546.812
3488,1729606966,3543.984
3489,1729606967,3544.758
3490,1729606968,3548.555
3491,1729606969,3546.0
3492,1729606970,3541.477
3493,1729606971,3545.133
3494,1729606972,3547.309
3495,1729606973,3548.242
3496,1729606974,3546.551
3497,1729606975,3546.504
3498,1729606976,3544.895
3499,1729606977,3546.93
3500,1729606978,3546.078
3501,1729606979,3557.258
3502,1729606980,3557.09
3503,1729606981,3558.219
3504,1729606982,3545.922
3505,1729606983,3550.406
3506,1729606984,3546.176
3507,1729606985,3549.801
3508,1729606986,3553.824
3509,1729606987,3553.422
3510,1729606988,3553.723
3511,1729606989,3550.52
3512,1729606990,3550.844
3513,1729606991,3550.59
3514,1729606992,3551.855
3515,1729606993,3550.125
3516,1729606994,3552.848
3517,1729606995,3552.258
3518,1729606996,3554.434
3519,1729606997,3553.691
3520,1729606998,3555.145
3521,1729606999,3552.43
3522,1729607000,3546.746
3523,1729607001,3550.117
3524,1729607002,3551.664
3525,1729607003,3554.488
3526,1729607004,3553.738
3527,1729607005,3551.742
3528,1729607006,3552.438
3529,1729607007,3555.238
3530,1729607008,3552.746
3531,1729607009,3550.562
3532,1729607010,3547.102
3533,1729607011,3548.148
3534,1729607012,3550.734
3535,1729607013,3551.242
3536,1729607014,3550.598
3537,1729607015,3551.59
3538,1729607016,3551.137
3539,1729607017,3549.082
3540,1729607018,3544.352
3541,1729607019,3545.188
3542,1729607020,3539.355
3543,1729607021,3541.719
3544,1729607022,3543.082
3545,1729607023,3540.289
3546,1729607024,3543.652
3547,1729607025,3545.758
3548,1729607026,3547.695
3549,1729607027,3547.18
3550,1729607028,3549.117
3551,1729607029,3550.23
3552,1729607030,3552.68
3553,1729607031,3552.168
3554,1729607032,3550.059
3555,1729607033,3552.914
3556,1729607034,3552.484
3557,1729607035,3552.152
3558,1729607036,3552.059
3559,1729607037,3551.207
3560,1729607038,3549.367
3561,1729607039,3553.172
3562,1729607040,3551.062
3563,1729607041,3553.461
3564,1729607042,3556.348
3565,1729607043,3556.629
3566,1729607044,3558.875
3567,1729607045,3561.398
3568,1729607046,3559.602
3569,1729607047,3558.266
3570,1729607048,3551.406
3571,1729607049,3552.551
3572,1729607050,3550.98
3573,1729607051,3553.113
3574,1729607052,3553.555
3575,1729607053,3553.309
3576,1729607054,3554.285
3577,1729607055,3555.762
3578,1729607056,3554.977
3579,1729607057,3553.527
3580,1729607058,3546.816
3581,1729607059,3544.137
3582,1729607060,3542.441
3583,1729607061,3546.793
3584,1729607062,3548.676
3585,1729607063,3550.934
3586,1729607064,3551.609
3587,1729607065,3553.723
3588,1729607066,3552.719
3589,1729607067,3550.984
3590,1729607068,3546.203
3591,1729607069,3540.715
3592,1729607070,3539.609
3593,1729607071,3539.449
3594,1729607072,3542.277
3595,1729607073,3544.391
3596,1729607074,3546.148
3597,1729607075,3549.609
3598,1729607076,3553.359
3599,1729607077,3553.445
3600,1729607078,3547.266
3601,1729607079,3548.168
3602,1729607080,3547.789
3603,1729607081,3546.727
3604,1729607082,3548.105
3605,1729607083,3548.426
3606,1729607084,3545.336
3607,1729607085,3545.039
3608,1729607086,3547.227
3609,1729607087,3546.508
3610,1729607088,3544.145
3611,1729607089,3548.074
3612,1729607090,3542.969
3613,1729607091,3546.574
3614,1729607092,3549.906
3615,1729607093,3548.52
3616,1729607094,3547.594
3617,1729607095,3552.074
3618,1729607096,3551.734
3619,1729607097,3549.918
3620,1729607098,3549.766
3621,1729607099,3543.598
3622,1729607100,3540.375
3623,1729607101,3543.898
3624,1729607102,3546.203
3625,1729607103,3546.211
3626,1729607104,3548.105
3627,1729607105,3545.945
3628,1729607106,3546.316
3629,1729607107,3546.312
3630,1729607108,3541.992
3631,1729607109,3545.223
3632,1729607110,3542.387
3633,1729607111,3547.16
3634,1729607112,3549.867
3635,1729607113,3548.871
3636,1729607114,3544.219
3637,1729607115,3547.008
3638,1729607116,3545.598
3639,1729607117,3545.871
3640,1729607118,3544.684
3641,1729607119,3543.57
3642,1729607120,3543.422
3643,1729607121,3544.262
3644,1729607122,3540.762
3645,1729607123,3543.785
3646,1729607124,3542.758
3647,1729607125,3541.887
3648,1729607126,3542.805
3649,1729607127,3545.414
3650,1729607128,3545.73
3651,1729607129,3552.117
3652,1729607130,3555.453
3653,1729607131,3554.145
3654,1729607132,3553.004
3655,1729607133,3551.547
3656,1729607134,3551.664
3657,1729607135,3552.688
3658,1729607136,3553.34
3659,1729607137,3558.121
3660,1729607138,3558.578
3661,1729607139,3558.82
3662,1729607140,3557.445
3663,1729607141,3555.125
3664,1729607142,3553.969
3665,1729607143,3555.727
3666,1729607144,3554.082
3667,1729607145,3550.879
3668,1729607146,3552.5
3669,1729607147,3555.094
3670,1729607148,3558.785
3671,1729607149,3555.426
3672,1729607150,3554.496
3673,1729607151,3557.18
3674,1729607152,3553.062
3675,1729607153,3552.562
3676,1729607154,3551.781
3677,1729607155,3549.105
3678,1729607156,3549.27
3679,1729607157,3549.254
3680,1729607158,3545.238
3681,1729607159,3547.129
3682,1729607160,3546.211
3683,1729607161,3547.191
3684,1729607162,3548.895
3685,1729607163,3550.461
3686,1729607164,3549.133
3687,1729607165,3550.445
3688,1729607166,3552.094
3689,1729607167,3553.773
3690,1729607168,3550.652
3691,1729607169,3548.184
3692,1729607170,3545.09
3693,1729607171,3547.062
3694,1729607172,3549.352
3695,1729607173,3546.543
3696,1729607174,3547.0
3697,1729607175,3547.586
3698,1729607176,3549.137
3699,1729607177,3545.863
3700,1729607178,3542.078
3701,1729607179,3539.023
3702,1729607180,3540.145
3703,1729607181,3540.391
3704,1729607182,3542.547
3705,1729607183,3542.16
3706,1729607184,3542.34
3707,1729607185,3541.875
3708,1729607186,3541.68
3709,1729607187,3540.195
3710,1729607188,3538.449
3711,1729607189,3540.219
3712,1729607190,3539.449
3713,1729607191,3539.969
3714,1729607192,3542.484
3715,1729607193,3543.586
3716,1729607194,3543.816
3717,1729607195,3544.137
3718,1729607196,3546.23
3719,1729607197,3548.598
3720,1729607198,3543.656
3721,1729607199,3543.812
3722,1729607200,3543.434
3723,1729607201,3543.625
3724,1729607202,3546.152
3725,1729607203,3545.746
3726,1729607204,3546.609
3727,1729607205,3544.172
3728,1729607206,3546.285
3729,1729607207,3547.32
3730,1729607208,3547.184
3731,1729607209,3546.059
3732,1729607210,3543.137
3733,1729607211,3543.047
3734,1729607212,3545.75
3735,1729607213,3548.055
3736,1729607214,3549.918
3737,1729607215,3551.703
3738,1729607216,3553.852
3739,1729607217,3553.926
3740,1729607218,3551.227
3741,1729607219,3553.145
3742,1729607220,3551.445
3743,1729607221,3552.859
3744,1729607222,3551.164
3745,1729607223,3548.609
3746,1729607224,3551.328
3747,1729607225,3552.484
3748,1729607226,3548.402
3749,1729607227,3551.605
3750,1729607228,3557.293
3751,1729607229,3558.027
3752,1729607230,3556.676
3753,1729607231,3556.324
3754,1729607232,3557.535
3755,1729607233,3564.66
3756,1729607234,3598.246
3757,1729607235,3598.977
3758,1729607236,3602.238
3759,1729607237,3603.664
3760,1729607238,3580.168
3761,1729607239,3582.75
3762,1729607240,3578.348
3763,1729607241,3576.492
3764,1729607242,3565.141
3765,1729607243,3568.637
3766,1729607244,3567.738
3767,1729607245,3566.523
3768,1729607246,3566.062
3769,1729607247,3564.961
3770,1729607248,3559.824
3771,1729607249,3553.828
3772,1729607250,3553.523
3773,1729607251,3552.883
3774,1729607252,3554.418
3775,1729607253,3550.105
3776,1729607254,3551.531
3777,1729607255,3549.949
3778,1729607256,3550.82
3779,1729607257,3548.648
3780,1729607258,3547.438
3781,1729607259,3542.133
3782,1729607260,3546.762
3783,1729607261,3550.133
3784,1729607262,3550.703
3785,1729607263,3550.805
3786,1729607264,3548.617
3787,1729607265,3550.691
3788,1729607266,3550.793
3789,1729607267,3549.797
3790,1729607268,3548.656
3791,1729607269,3549.027
3792,1729607270,3545.391
3793,1729607271,3547.398
3794,1729607272,3551.539
3795,1729607273,3554.793
3796,1729607274,3555.672
3797,1729607275,3553.336
3798,1729607276,3552.234
3799,1729607277,3553.375
3800,1729607278,3552.598
3801,1729607279,3566.984
3802,1729607280,3574.922
3803,1729607281,3577.414
3804,1729607282,3578.262
3805,1729607283,3566.57
3806,1729607284,3565.277
3807,1729607285,3563.637
3808,1729607286,3566.652
3809,1729607287,3563.691
3810,1729607288,3561.688
3811,1729607289,3564.453
3812,1729607290,3562.168
3813,1729607291,3565.32
3814,1729607292,3563.148
3815,1729607293,3558.512
3816,1729607294,3557.129
3817,1729607295,3556.098
3818,1729607296,3557.141
3819,1729607297,3558.562
3820,1729607298,3554.016
3821,1729607299,3550.477
3822,1729607300,3552.367
3823,1729607301,3550.656
3824,1729607302,3551.379
3825,1729607303,3549.766
3826,1729607304,3551.867
3827,1729607305,3554.699
3828,1729607306,3555.992
3829,1729607307,3554.586
3830,1729607308,3551.785
3831,1729607309,3555.316
3832,1729607310,3553.07
3833,1729607311,3556.461
3834,1729607312,3554.852
3835,1729607313,3552.691
3836,1729607314,3550.332
3837,1729607315,3547.441
3838,1729607316,3549.379
3839,1729607317,3546.688
3840,1729607318,3542.836
3841,1729607319,3544.117
3842,1729607320,3540.789
3843,1729607321,3542.652
3844,1729607322,3543.773
3845,1729607323,3547.133
3846,1729607324,3544.688
3847,1729607325,3547.016
3848,1729607326,3547.434
3849,1729607327,3547.977
3850,1729607328,3544.27
3851,1729607329,3544.422
3852,1729607330,3544.523
3853,1729607331,3548.375
3854,1729607332,3550.031
3855,1729607333,3548.426
3856,1729607334,3548.711
3857,1729607335,3549.156
3858,1729607336,3550.84
3859,1729607337,3554.062
3860,1729607338,3544.262
3861,1729607339,3545.496
3862,1729607340,3544.301
3863,1729607341,3546.273
3864,1729607342,3548.094
3865,1729607343,3542.965
3866,1729607344,3540.41
3867,1729607345,3542.332
3868,1729607346,3544.172
3869,1729607347,3548.746
3870,1729607348,3546.84
3871,1729607349,3547.195
3872,1729607350,3549.355
3873,1729607351,3552.035
3874,1729607352,3551.473
3875,1729607353,3554.625
3876,1729607354,3552.453
3877,1729607355,3554.051
3878,1729607356,3553.586
3879,1729607357,3552.656
3880,1729607358,3552.875
3881,1729607359,3554.344
3882,1729607360,3556.062
3883,1729607361,3555.77
3884,1729607362,3555.664
3885,1729607363,3551.441
3886,1729607364,3553.727
3887,1729607365,3553.426
3888,1729607366,3553.266
3889,1729607367,3552.809
3890,1729607368,3555.543
3891,1729607369,3554.781
3892,1729607370,3556.02
3893,1729607371,3555.113
3894,1729607372,3556.309
3895,1729607373,3554.77
3896,1729607374,3553.918
3897,1729607375,3552.465
3898,1729607376,3554.07
3899,1729607377,3556.922
3900,1729607378,3557.488
3901,1729607379,3555.844
3902,1729607380,3553.121
3903,1729607381,3557.062
3904,1729607382,3559.707
3905,1729607383,3559.785
3906,1729607384,3557.219
3907,1729607385,3554.289
3908,1729607386,3552.402
3909,1729607387,3551.438
3910,1729607388,3547.93
3911,1729607389,3551.348
3912,1729607390,3555.797
3913,1729607391,3557.641
3914,1729607392,3555.852
3915,1729607393,3553.656
3916,1729607394,3553.645
3917,1729607395,3554.156
3918,1729607396,3552.098
3919,1729607397,3553.836
3920,1729607398,3549.754
3921,1729607399,3550.762
3922,1729607400,3551.602
3923,1729607401,3557.527
3924,1729607402,3561.016
3925,1729607403,3559.117
3926,1729607404,3557.75
3927,1729607405,3553.52
3928,1729607406,3554.766
3929,1729607407,3553.254
3930,1729607408,3549.699
3931,1729607409,3551.223
3932,1729607410,3553.336
3933,1729607411,3553.918
3934,1729607412,3552.266
3935,1729607413,3557.785
3936,1729607414,3554.027
3937,1729607415,3555.734
3938,1729607416,3565.816
3939,1729607417,3568.352
3940,1729607418,3561.387
3941,1729607419,3560.047
3942,1729607420,3558.457
3943,1729607421,3563.035
3944,1729607422,3563.828
3945,1729607423,3565.367
3946,1729607424,3564.141
3947,1729607425,3556.039
3948,1729607426,3556.012
3949,1729607427,3553.32
3950,1729607428,3552.625
3951,1729607429,3549.504
3952,1729607430,3550.562
3953,1729607431,3552.551
3954,1729607432,3552.793
3955,1729607433,3553.562
3956,1729607434,3556.18
3957,1729607435,3554.273
3958,1729607436,3552.348
3959,1729607437,3553.527
3960,1729607438,3551.609
3961,1729607439,3555.688
3962,1729607440,3555.609
3963,1729607441,3558.266
3964,1729607442,3561.988
3965,1729607443,3561.777
3966,1729607444,3563.098
3967,1729607445,3564.711
3968,1729607446,3567.879
3969,1729607447,3563.516
3970,1729607448,3562.219
3971,1729607449,3558.059
3972,1729607450,3554.301
3973,1729607451,3558.324
3974,1729607452,3560.012
3975,1729607453,3559.797
3976,1729607454,3558.406
3977,1729607455,3560.352
3978,1729607456,3558.5
3979,1729607457,3557.078
3980,1729607458,3555.219
3981,1729607459,3556.293
3982,1729607460,3554.949
3983,1729607461,3556.562
3984,1729607462,3557.102
3985,1729607463,3556.672
3986,1729607464,3556.902
3987,1729607465,3555.465
3988,1729607466,3552.648
3989,1729607467,3551.93
3990,1729607468,3550.375
3991,1729607469,3544.496
3992,1729607470,3551.016
3993,1729607471,3554.73
3994,1729607472,3554.797
3995,1729607473,3551.703
3996,1729607474,3552.621
3997,1729607475,3553.266
3998,1729607476,3554.629
3999,1729607477,3554.02
4000,1729607478,3554.0
4001,1729607479,3557.078
4002,1729607480,3556.844
4003,1729607481,3554.648
4004,1729607482,3554.656
4005,1729607483,3552.695
4006,1729607484,3552.734
4007,1729607485,3554.18
4008,1729607486,3556.293
4009,1729607487,3557.035
4010,1729607488,3559.16
4011,1729607489,3556.961
4012,1729607490,3556.043
4013,1729607491,3558.535
4014,1729607492,3558.473
4015,1729607493,3557.906
4016,1729607494,3558.586
4017,1729607495,3558.371
4018,1729607496,3560.785
4019,1729607497,3559.059
4020,1729607498,3557.148
4021,1729607499,3556.734
4022,1729607500,3556.723
4023,1729607501,3555.773
4024,1729607502,3552.977
4025,1729607503,3558.879
4026,1729607504,3560.105
4027,1729607505,3560.957
4028,1729607506,3561.676
4029,1729607507,3561.727
4030,1729607508,3560.434
4031,1729607509,3557.051
4032,1729607510,3558.031
4033,1729607511,3555.703
4034,1729607512,3557.453
4035,1729607513,3558.371
4036,1729607514,3556.449
4037,1729607515,3558.66
4038,1729607516,3561.922
4039,1729607517,3560.766
4040,1729607518,3561.996
4041,1729607519,3559.988
4042,1729607520,3559.859
4043,1729607521,3563.137
4044,1729607522,3564.535
4045,1729607523,3562.375
4046,1729607524,3560.605
4047,1729607525,3560.254
4048,1729607526,3551.191
4049,1729607527,3555.641
4050,1729607528,3559.277
4051,1729607529,3558.613
4052,1729607530,3558.633
4053,1729607531,3557.094
4054,1729607532,3556.855
4055,1729607533,3556.059
4056,1729607534,3553.969
4057,1729607535,3562.445
4058,1729607536,3565.754
4059,1729607537,3564.051
4060,1729607538,3566.43
4061,1729607539,3561.781
4062,1729607540,3562.152
4063,1729607541,3563.305
4064,1729607542,3565.07
4065,1729607543,3564.652
4066,1729607544,3561.34
4067,1729607545,3560.348
4068,1729607546,3558.664
4069,1729607547,3555.703
4070,1729607548,3562.125
4071,1729607549,3562.211
4072,1729607550,3558.137
4073,1729607551,3565.617
4074,1729607552,3566.664
4075,1729607553,3568.402
4076,1729607554,3572.203
4077,1729607555,3571.383
4078,1729607556,3570.309
4079,1729607557,3570.16
4080,1729607558,3569.137
4081,1729607559,3569.102
4082,1729607560,3569.18
4083,1729607561,3567.809
4084,1729607562,3562.727
4085,1729607563,3559.695
4086,1729607564,3565.105
4087,1729607565,3560.316
4088,1729607566,3563.031
4089,1729607567,3561.492
4090,1729607568,3560.867
4091,1729607569,3561.57
4092,1729607570,3561.676
4093,1729607571,3562.441
4094,1729607572,3566.496
4095,1729607573,3565.379
4096,1729607574,3565.078
4097,1729607575,3565.461
4098,1729607576,3566.105
4099,1729607577,3565.398
4100,1729607578,3561.859
4101,1729607579,3579.617
4102,1729607580,3591.137
4103,1729607581,3581.73
4104,1729607582,3575.785
4105,1729607583,3569.605
4106,1729607584,3568.93
4107,1729607585,3560.48
4108,1729607586,3555.273
4109,1729607587,3555.016
4110,1729607588,3554.832
4111,1729607589,3552.43
4112,1729607590,3551.996
4113,1729607591,3550.387
4114,1729607592,3554.57
4115,1729607593,3550.352
4116,1729607594,3550.621
4117,1729607595,3554.074
4118,1729607596,3553.566
4119,1729607597,3553.082
4120,1729607598,3549.684
4121,1729607599,3550.398
4122,1729607600,3550.195
4123,1729607601,3549.051
4124,1729607602,3551.09
4125,1729607603,3551.629
4126,1729607604,3554.797
4127,1729607605,3553.676
4128,1729607606,3551.367
4129,1729607607,3552.102
4130,1729607608,3555.504
4131,1729607609,3560.938
4132,1729607610,3560.305
4133,1729607611,3557.809
4134,1729607612,3560.02
4135,1729607613,3560.984
4136,1729607614,3561.035
4137,1729607615,3560.727
4138,1729607616,3561.246
4139,1729607617,3560.09
4140,1729607618,3557.98
4141,1729607619,3556.887
4142,1729607620,3559.316
4143,1729607621,3565.207
4144,1729607622,3564.668
4145,1729607623,3563.738
4146,1729607624,3563.422
4147,1729607625,3564.871
4148,1729607626,3566.195
4149,1729607627,3565.289
4150,1729607628,3562.512
4151,1729607629,3560.523
4152,1729607630,3557.66
4153,1729607631,3555.148
4154,1729607632,3554.504
4155,1729607633,3554.348
4156,1729607634,3554.203
4157,1729607635,3552.348
4158,1729607636,3550.754
4159,1729607637,3552.789
4160,1729607638,3550.465
4161,1729607639,3548.293
4162,1729607640,3551.691
4163,1729607641,3554.652
4164,1729607642,3553.645
4165,1729607643,3552.797
4166,1729607644,3551.867
4167,1729607645,3555.062
4168,1729607646,3553.832
4169,1729607647,3554.316
4170,1729607648,3549.312
4171,1729607649,3551.062
4172,1729607650,3549.84
4173,1729607651,3551.281
4174,1729607652,3553.32
4175,1729607653,3550.273
4176,1729607654,3549.859
4177,1729607655,3551.195
4178,1729607656,3553.113
4179,1729607657,3549.004
4180,1729607658,3548.98
4181,1729607659,3547.891
4182,1729607660,3547.797
4183,1729607661,3548.93
4184,1729607662,3549.18
4185,1729607663,3547.938
4186,1729607664,3548.52
4187,1729607665,3549.426
4188,1729607666,3545.48
4189,1729607667,3551.391
4190,1729607668,3552.34
4191,1729607669,3547.543
4192,1729607670,3547.324
4193,1729607671,3547.684
4194,1729607672,3549.906
4195,1729607673,3550.16
4196,1729607674,3549.324
4197,1729607675,3549.578
4198,1729607676,3551.742
4199,1729607677,3556.539
4200,1729607678,3557.434
4201,1729607679,3556.965
4202,1729607680,3554.383
4203,1729607681,3557.922
4204,1729607682,3557.598
4205,1729607683,3560.316
4206,1729607684,3560.848
4207,1729607685,3560.734
4208,1729607686,3558.68
4209,1729607687,3558.262
4210,1729607688,3557.348
4211,1729607689,3557.109
4212,1729607690,3556.602
4213,1729607691,3559.207
4214,1729607692,3558.34
4215,1729607693,3561.344
4216,1729607694,3561.879
4217,1729607695,3561.98
4218,1729607696,3558.973
4219,1729607697,3558.125
4220,1729607698,3556.18
4221,1729607699,3556.715
4222,1729607700,3560.078
4223,1729607701,3562.398
4224,1729607702,3562.305
4225,1729607703,3562.562
4226,1729607704,3562.711
4227,1729607705,3562.867
4228,1729607706,3561.457
4229,1729607707,3559.543
4230,1729607708,3562.578
4231,1729607709,3597.375
4232,1729607710,3595.062
4233,1729607711,3593.133
4234,1729607712,3592.609
4235,1729607713,3579.238
4236,1729607714,3572.012
4237,1729607715,3574.297
4238,1729607716,3577.055
4239,1729607717,3570.219
4240,1729607718,3569.586
4241,1729607719,3567.059
4242,1729607720,3566.746
4243,1729607721,3566.367
4244,1729607722,3565.051
4245,1729607723,3563.512
4246,1729607724,3563.105
4247,1729607725,3563.062
4248,1729607726,3562.227
4249,1729607727,3557.289
4250,1729607728,3557.02
4251,1729607729,3559.77
4252,1729607730,3558.262
4253,1729607731,3559.203
4254,1729607732,3559.223
4255,1729607733,3557.984
4256,1729607734,3556.543
4257,1729607735,3558.828
4258,1729607736,3557.0
4259,1729607737,3557.781
4260,1729607738,3558.734
4261,1729607739,3560.406
4262,1729607740,3559.16
4263,1729607741,3559.68
4264,1729607742,3559.727
4265,1729607743,3560.078
4266,1729607744,3559.848
4267,1729607745,3555.082
4268,1729607746,3556.246
4269,1729607747,3556.754
4270,1729607748,3557.316
4271,1729607749,3556.074
4272,1729607750,3559.105
4273,1729607751,3557.402
4274,1729607752,3558.59
4275,1729607753,3556.395
4276,1729607754,3558.473
4277,1729607755,3559.781
4278,1729607756,3560.656
4279,1729607757,3562.969
4280,1729607758,3562.773
4281,1729607759,3560.02
4282,1729607760,3561.539
4283,1729607761,3558.062
4284,1729607762,3556.344
4285,1729607763,3558.461
4286,1729607764,3559.363
4287,1729607765,3558.703
4288,1729607766,3561.609
4289,1729607767,3560.301
4290,1729607768,3561.84
4291,1729607769,3561.996
4292,1729607770,3561.531
4293,1729607771,3560.723
4294,1729607772,3561.223
4295,1729607773,3562.578
4296,1729607774,3562.773
4297,1729607775,3563.91
4298,1729607776,3565.969
4299,1729607777,3564.359
4300,1729607778,3564.121
4301,1729607779,3562.148
4302,1729607780,3559.898
4303,1729607781,3559.879
4304,1729607782,3559.84
4305,1729607783,3562.359
4306,1729607784,3561.277
4307,1729607785,3561.09
4308,1729607786,3560.93
4309,1729607787,3557.188
4310,1729607788,3555.008
4311,1729607789,3553.941
4312,1729607790,3553.789
4313,1729607791,3553.863
4314,1729607792,3558.289
4315,1729607793,3556.348
4316,1729607794,3557.547
4317,1729607795,3566.977
4318,1729607796,3567.348
4319,1729607797,3565.582
4320,1729607798,3566.434
4321,1729607799,3564.473
4322,1729607800,3564.043
4323,1729607801,3570.121
4324,1729607802,3575.875
4325,1729607803,3573.039
4326,1729607804,3573.227
4327,1729607805,3569.184
4328,1729607806,3569.891
4329,1729607807,3566.266
4330,1729607808,3564.57
4331,1729607809,3565.855
4332,1729607810,3564.652
4333,1729607811,3564.965
4334,1729607812,3567.0
4335,1729607813,3564.566
4336,1729607814,3565.953
4337,1729607815,3566.285
4338,1729607816,3565.578
4339,1729607817,3565.141
4340,1729607818,3567.289
4341,1729607819,3562.629
4342,1729607820,3562.16
4343,1729607821,3561.43
4344,1729607822,3561.102
4345,1729607823,3561.871
4346,1729607824,3560.234
4347,1729607825,3555.992
4348,1729607826,3557.246
4349,1729607827,3562.188
4350,1729607828,3562.629
4351,1729607829,3562.184
4352,1729607830,3557.523
4353,1729607831,3556.453
4354,1729607832,3560.852
4355,1729607833,3562.102
4356,1729607834,3563.012
4357,1729607835,3568.762
4358,1729607836,3570.031
4359,1729607837,3568.941
4360,1729607838,3567.43
4361,1729607839,3566.363
4362,1729607840,3566.855
4363,1729607841,3565.711
4364,1729607842,3564.594
4365,1729607843,3562.363
4366,1729607844,3561.621
4367,1729607845,3562.852
4368,1729607846,3562.023
4369,1729607847,3562.414
4370,1729607848,3556.004
4371,1729607849,3558.805
4372,1729607850,3561.719
4373,1729607851,3561.93
4374,1729607852,3560.438
4375,1729607853,3557.973
4376,1729607854,3556.516
4377,1729607855,3554.828
4378,1729607856,3554.266
4379,1729607857,3553.891
4380,1729607858,3559.684
4381,1729607859,3557.609
4382,1729607860,3562.316
4383,1729607861,3563.566
4384,1729607862,3562.5
4385,1729607863,3562.828
4386,1729607864,3560.871
4387,1729607865,3563.523
4388,1729607866,3562.398
4389,1729607867,3562.457
4390,1729607868,3562.773
4391,1729607869,3558.742
4392,1729607870,3560.922
4393,1729607871,3559.602
4394,1729607872,3559.02
4395,1729607873,3560.25
4396,1729607874,3562.551
4397,1729607875,3564.805
4398,1729607876,3564.473
4399,1729607877,3563.27
4400,1729607878,3566.566
4401,1729607879,3575.824
4402,1729607880,3582.309
4403,1729607881,3603.918
4404,1729607882,3605.062
4405,1729607883,3607.109
4406,1729607884,3605.746
4407,1729607885,3589.074
4408,1729607886,3586.48
4409,1729607887,3582.98
4410,1729607888,3581.754
4411,1729607889,3572.629
4412,1729607890,3571.566
4413,1729607891,3573.012
4414,1729607892,3584.426
4415,1729607893,3582.008
4416,1729607894,3576.156
4417,1729607895,3581.926
4418,1729607896,3575.34
4419,1729607897,3574.609
4420,1729607898,3574.887
4421,1729607899,3573.148
4422,1729607900,3571.559
4423,1729607901,3568.836
4424,1729607902,3569.891
4425,1729607903,3568.492
4426,1729607904,3570.133
4427,1729607905,3567.73
4428,1729607906,3566.934
4429,1729607907,3566.109
4430,1729607908,3561.285
4431,1729607909,3558.027
4432,1729607910,3560.75
4433,1729607911,3560.398
4434,1729607912,3561.91
4435,1729607913,3564.742
4436,1729607914,3561.73
4437,1729607915,3558.066
4438,1729607916,3560.402
4439,1729607917,3560.242
4440,1729607918,3561.766
4441,1729607919,3562.262
4442,1729607920,3558.957
4443,1729607921,3559.676
4444,1729607922,3556.973
4445,1729607923,3555.633
4446,1729607924,3557.805
4447,1729607925,3557.469
4448,1729607926,3559.16
4449,1729607927,3560.75
4450,1729607928,3562.086
4451,1729607929,3561.129
4452,1729607930,3562.793
4453,1729607931,3560.203
4454,1729607932,3559.785
4455,1729607933,3558.406
4456,1729607934,3556.477
4457,1729607935,3556.918
4458,1729607936,3561.559
4459,1729607937,3570.754
4460,1729607938,3560.348
4461,1729607939,3560.676
4462,1729607940,3568.062
4463,1729607941,3569.105
4464,1729607942,3569.676
4465,1729607943,3570.613
4466,1729607944,3567.48
4467,1729607945,3561.59
4468,1729607946,3565.707
4469,1729607947,3564.824
4470,1729607948,3562.203
4471,1729607949,3563.965
4472,1729607950,3567.004
4473,1729607951,3564.035
4474,1729607952,3564.625
4475,1729607953,3563.117
4476,1729607954,3562.391
4477,1729607955,3561.453
4478,1729607956,3558.699
4479,1729607957,3558.16
4480,1729607958,3556.426
4481,1729607959,3557.156
4482,1729607960,3558.801
4483,1729607961,3558.789
4484,1729607962,3562.266
4485,1729607963,3559.473
4486,1729607964,3561.23
4487,1729607965,3558.66
4488,1729607966,3558.273
4489,1729607967,3560.973
4490,1729607968,3562.996
4491,1729607969,3557.676
4492,1729607970,3557.773
4493,1729607971,3557.93
4494,1729607972,3557.859
4495,1729607973,3553.98
4496,1729607974,3556.309
4497,1729607975,3559.48
4498,1729607976,3560.102
4499,1729607977,3558.543
4500,1729607978,3557.422
4501,1729607979,3557.188
4502,1729607980,3557.73
4503,1729607981,3558.789
4504,1729607982,3556.777
4505,1729607983,3556.617
4506,1729607984,3560.039
4507,1729607985,3561.766
4508,1729607986,3562.527
4509,1729607987,3562.227
4510,1729607988,3560.125
4511,1729607989,3560.781
4512,1729607990,3559.98
4513,1729607991,3562.402
4514,1729607992,3561.574
4515,1729607993,3563.238
4516,1729607994,3562.59
4517,1729607995,3559.645
4518,1729607996,3560.699
4519,1729607997,3562.203
4520,1729607998,3562.453
4521,1729607999,3557.281
4522,1729608000,3564.75
4523,1729608001,3563.887
4524,1729608002,3565.328
4525,1729608003,3565.352
4526,1729608004,3568.082
4527,1729608005,3565.633
4528,1729608006,3562.23
4529,1729608007,3561.004
4530,1729608008,3557.352
4531,1729608009,3555.172
4532,1729608010,3556.203
4533,1729608011,3555.223
4534,1729608012,3562.422
4535,1729608013,3562.953
4536,1729608014,3563.324
4537,1729608015,3561.781
4538,1729608016,3565.426
4539,1729608017,3565.391
4540,1729608018,3564.656
4541,1729608019,3563.938
4542,1729608020,3561.883
4543,1729608021,3560.199
4544,1729608022,3559.855
4545,1729608023,3558.352
4546,1729608024,3557.605
4547,1729608025,3560.512
4548,1729608026,3559.012
4549,1729608027,3563.043
4550,1729608028,3564.148
4551,1729608029,3562.543
4552,1729608030,3558.824
4553,1729608031,3555.578
4554,1729608032,3558.078
4555,1729608033,3562.469
4556,1729608034,3564.922
4557,1729608035,3560.605
4558,1729608036,3566.062
4559,1729608037,3563.223
4560,1729608038,3564.148
4561,1729608039,3564.645
4562,1729608040,3565.789
4563,1729608041,3565.332
4564,1729608042,3564.461
4565,1729608043,3566.453
4566,1729608044,3564.281
4567,1729608045,3561.16
4568,1729608046,3563.027
4569,1729608047,3562.391
4570,1729608048,3561.43
4571,1729608049,3564.543
4572,1729608050,3561.914
4573,1729608051,3563.961
4574,1729608052,3563.695
4575,1729608053,3562.285
4576,1729608054,3560.387
4577,1729608055,3559.641
4578,1729608056,3561.18
4579,1729608057,3563.43
4580,1729608058,3564.285
4581,1729608059,3561.504
4582,1729608060,3559.727
4583,1729608061,3560.355
4584,1729608062,3566.133
4585,1729608063,3564.328
4586,1729608064,3562.191
4587,1729608065,3562.051
4588,1729608066,3564.293
4589,1729608067,3562.598
4590,1729608068,3562.633
4591,1729608069,3560.449
4592,1729608070,3556.281
4593,1729608071,3558.359
4594,1729608072,3555.809
4595,1729608073,3560.855
4596,1729608074,3561.918
4597,1729608075,3563.621
4598,1729608076,3562.371
4599,1729608077,3568.34
4600,1729608078,3567.031
4601,1729608079,3564.059
4602,1729608080,3560.219
4603,1729608081,3561.32
4604,1729608082,3559.867
4605,1729608083,3557.879
4606,1729608084,3560.066
4607,1729608085,3559.172
4608,1729608086,3559.652
4609,1729608087,3559.301
4610,1729608088,3560.543
4611,1729608089,3563.016
4612,1729608090,3562.898
4613,1729608091,3558.715
4614,1729608092,3554.242
4615,1729608093,3557.742
4616,1729608094,3554.652
4617,1729608095,3557.23
4618,1729608096,3555.711
4619,1729608097,3557.438
4620,1729608098,3557.941
4621,1729608099,3557.965
4622,1729608100,3560.23
4623,1729608101,3561.855
4624,1729608102,3561.895
4625,1729608103,3559.234
4626,1729608104,3558.117
4627,1729608105,3561.855
4628,1729608106,3561.027
4629,1729608107,3559.402
4630,1729608108,3558.121
4631,1729608109,3561.855
4632,1729608110,3561.629
4633,1729608111,3561.75
4634,1729608112,3560.117
4635,1729608113,3557.688
4636,1729608114,3560.422
4637,1729608115,3561.656
4638,1729608116,3563.68
4639,1729608117,3563.344
4640,1729608118,3563.828
4641,1729608119,3566.945
4642,1729608120,3568.027
4643,1729608121,3565.117
4644,1729608122,3566.977
4645,1729608123,3565.102
4646,1729608124,3563.785
4647,1729608125,3565.035
4648,1729608126,3564.203
4649,1729608127,3564.535
4650,1729608128,3564.684
4651,1729608129,3562.93
4652,1729608130,3559.531
4653,1729608131,3558.602
4654,1729608132,3555.91
4655,1729608133,3557.699
4656,1729608134,3556.969
4657,1729608135,3558.785
4658,1729608136,3558.992
4659,1729608137,3561.223
4660,1729608138,3562.633
4661,1729608139,3571.891
4662,1729608140,3573.172
4663,1729608141,3571.875
4664,1729608142,3572.383
4665,1729608143,3567.648
4666,1729608144,3567.797
4667,1729608145,3564.211
4668,1729608146,3563.562
4669,1729608147,3566.152
4670,1729608148,3564.797
4671,1729608149,3564.266
4672,1729608150,3566.082
4673,1729608151,3565.055
4674,1729608152,3565.117
4675,1729608153,3565.148
4676,1729608154,3560.242
4677,1729608155,3558.898
4678,1729608156,3558.738
4679,1729608157,3553.125
4680,1729608158,3553.781
4681,1729608159,3554.883
4682,1729608160,3558.172
4683,1729608161,3556.062
4684,1729608162,3553.754
4685,1729608163,3553.555
4686,1729608164,3551.586
4687,1729608165,3554.074
4688,1729608166,3555.324
4689,1729608167,3559.992
4690,1729608168,3559.969
4691,1729608169,3562.102
4692,1729608170,3561.965
4693,1729608171,3562.945
4694,1729608172,3560.629
4695,1729608173,3558.785
4696,1729608174,3556.953
4697,1729608175,3557.152
4698,1729608176,3555.066
4699,1729608177,3553.145
4700,1729608178,3577.883
4701,1729608179,3590.75
4702,1729608180,3591.5
4703,1729608181,3593.586
4704,1729608182,3582.977
4705,1729608183,3583.305
4706,1729608184,3581.68
4707,1729608185,3578.766
4708,1729608186,3579.562
4709,1729608187,3577.957
4710,1729608188,3575.211
4711,1729608189,3571.578
4712,1729608190,3571.871
4713,1729608191,3573.383
4714,1729608192,3572.012
4715,1729608193,3570.887
4716,1729608194,3573.598
4717,1729608195,3572.582
4718,1729608196,3571.848
4719,1729608197,3572.516
4720,1729608198,3571.539
4721,1729608199,3568.684
4722,1729608200,3569.961
4723,1729608201,3569.883
4724,1729608202,3567.938
4725,1729608203,3569.125
4726,1729608204,3569.141
4727,1729608205,3572.742
4728,1729608206,3571.047
4729,1729608207,3572.359
4730,1729608208,3572.078
4731,1729608209,3569.191
4732,1729608210,3570.77
4733,1729608211,3571.141
4734,1729608212,3569.219
4735,1729608213,3567.305
4736,1729608214,3569.352
4737,1729608215,3569.277
4738,1729608216,3569.309
4739,1729608217,3565.855
4740,1729608218,3566.332
4741,1729608219,3563.383
4742,1729608220,3565.277
4743,1729608221,3563.008
4744,1729608222,3563.09
4745,1729608223,3561.469
4746,1729608224,3563.387
4747,1729608225,3566.047
4748,1729608226,3564.559
4749,1729608227,3566.297
4750,1729608228,3564.758
4751,1729608229,3565.977
4752,1729608230,3564.582
4753,1729608231,3567.355
4754,1729608232,3568.762
4755,1729608233,3568.766
4756,1729608234,3566.387
4757,1729608235,3567.078
4758,1729608236,3567.207
4759,1729608237,3568.074
4760,1729608238,3561.078
4761,1729608239,3560.715
4762,1729608240,3557.211
4763,1729608241,3555.023
4764,1729608242,3552.801
4765,1729608243,3552.301
4766,1729608244,3550.371
4767,1729608245,3551.496
4768,1729608246,3552.824
4769,1729608247,3548.98
4770,1729608248,3550.215
4771,1729608249,3547.34
4772,1729608250,3550.414
4773,1729608251,3553.73
4774,1729608252,3553.125
4775,1729608253,3554.578
4776,1729608254,3555.52
4777,1729608255,3555.238
4778,1729608256,3558.297
4779,1729608257,3561.293
4780,1729608258,3561.051
4781,1729608259,3564.051
4782,1729608260,3560.441
4783,1729608261,3559.359
4784,1729608262,3561.609
4785,1729608263,3563.219
4786,1729608264,3563.203
4787,1729608265,3562.484
4788,1729608266,3561.156
4789,1729608267,3562.41
4790,1729608268,3565.316
4791,1729608269,3566.742
4792,1729608270,3565.809
4793,1729608271,3566.371
4794,1729608272,3566.895
4795,1729608273,3563.059
4796,1729608274,3563.777
4797,1729608275,3560.828
4798,1729608276,3561.242
4799,1729608277,3559.711
4800,1729608278,3559.207
4801,1729608279,3558.367
4802,1729608280,3558.031
4803,1729608281,3557.707
4804,1729608282,3561.816
4805,1729608283,3569.547
4806,1729608284,3569.801
4807,1729608285,3569.367
4808,1729608286,3566.891
4809,1729608287,3563.98
4810,1729608288,3564.535
4811,1729608289,3566.004
4812,1729608290,3565.41
4813,1729608291,3565.715
4814,1729608292,3565.828
4815,1729608293,3563.254
4816,1729608294,3565.117
4817,1729608295,3562.168
4818,1729608296,3561.84
4819,1729608297,3563.465
4820,1729608298,3560.688
4821,1729608299,3559.426
4822,1729608300,3559.82
4823,1729608301,3559.484
4824,1729608302,3559.555
4825,1729608303,3559.609
4826,1729608304,3558.465
4827,1729608305,3560.07
4828,1729608306,3557.734
4829,1729608307,3559.957
4830,1729608308,3576.188
4831,1729608309,3576.961
4832,1729608310,3569.488
4833,1729608311,3571.344
4834,1729608312,3575.305
4835,1729608313,3570.742
4836,1729608314,3568.457
4837,1729608315,3570.852
4838,1729608316,3567.902
4839,1729608317,3568.57
4840,1729608318,3569.457
4841,1729608319,3568.289
4842,1729608320,3568.32
4843,1729608321,3567.203
4844,1729608322,3568.68
4845,1729608323,3569.141
4846,1729608324,3567.414
4847,1729608325,3568.723
4848,1729608326,3571.469
4849,1729608327,3570.953
4850,1729608328,3570.328
4851,1729608329,3569.512
4852,1729608330,3566.887
4853,1729608331,3565.68
4854,1729608332,3565.793
4855,1729608333,3564.465
4856,1729608334,3557.672
4857,1729608335,3558.953
4858,1729608336,3561.949
4859,1729608337,3562.656
4860,1729608338,3562.48
4861,1729608339,3561.77
4862,1729608340,3560.301
4863,1729608341,3560.973
4864,1729608342,3564.152
4865,1729608343,3564.934
4866,1729608344,3564.641
4867,1729608345,3563.973
4868,1729608346,3564.473
4869,1729608347,3565.43
4870,1729608348,3566.141
4871,1729608349,3566.68
4872,1729608350,3566.219
4873,1729608351,3566.934
4874,1729608352,3564.055
4875,1729608353,3562.742
4876,1729608354,3561.539
4877,1729608355,3562.418
4878,1729608356,3564.391
4879,1729608357,3566.031
4880,1729608358,3562.562
4881,1729608359,3564.258
4882,1729608360,3561.023
4883,1729608361,3560.422
4884,1729608362,3561.957
4885,1729608363,3563.773
4886,1729608364,3570.914
4887,1729608365,3569.891
4888,1729608366,3566.434
4889,1729608367,3570.203
4890,1729608368,3571.336
4891,1729608369,3563.723
4892,1729608370,3564.789
4893,1729608371,3563.637
4894,1729608372,3562.742
4895,1729608373,3560.352
4896,1729608374,3557.754
4897,1729608375,3557.699
4898,1729608376,3565.574
4899,1729608377,3563.129
4900,1729608378,3563.793
4901,1729608379,3564.758
4902,1729608380,3561.188
4903,1729608381,3561.332
4904,1729608382,3561.371
4905,1729608383,3563.371
4906,1729608384,3562.625
4907,1729608385,3562.477
4908,1729608386,3566.633
4909,1729608387,3564.828
4910,1729608388,3563.715
4911,1729608389,3560.715
4912,1729608390,3560.797
4913,1729608391,3561.875
4914,1729608392,3560.285
4915,1729608393,3560.488
4916,1729608394,3560.648
4917,1729608395,3556.883
4918,1729608396,3558.5
4919,1729608397,3557.582
4920,1729608398,3558.078
4921,1729608399,3558.348
4922,1729608400,3561.195
4923,1729608401,3560.582
4924,1729608402,3560.148
4925,1729608403,3560.988
4926,1729608404,3561.578
4927,1729608405,3563.828
4928,1729608406,3560.973
4929,1729608407,3558.539
4930,1729608408,3560.164
4931,1729608409,3559.309
4932,1729608410,3562.254
4933,1729608411,3563.316
4934,1729608412,3563.258
4935,1729608413,3564.52
4936,1729608414,3561.145
4937,1729608415,3559.586
4938,1729608416,3560.332
4939,1729608417,3559.715
4940,1729608418,3561.43
4941,1729608419,3560.723
4942,1729608420,3562.414
4943,1729608421,3560.445
4944,1729608422,3560.441
4945,1729608423,3559.203
4946,1729608424,3558.875
4947,1729608425,3562.211
4948,1729608426,3560.488
4949,1729608427,3559.863
4950,1729608428,3559.367
4951,1729608429,3558.984
4952,1729608430,3558.336
4953,1729608431,3562.23
4954,1729608432,3562.414
4955,1729608433,3564.355
4956,1729608434,3565.363
4957,1729608435,3568.77
4958,1729608436,3568.797
4959,1729608437,3587.273
4960,1729608438,3680.355
4961,1729608439,3695.684
4962,1729608440,3694.316
4963,1729608441,3696.348
4964,1729608442,3693.258
4965,1729608443,3693.398
4966,1729608444,3693.766
4967,1729608445,3689.605
4968,1729608446,3690.105
4969,1729608447,3686.742
4970,1729608448,3681.688
4971,1729608449,3582.613
4972,1729608450,3583.168
4973,1729608451,3581.562
4974,1729608452,3577.34
4975,1729608453,3575.488
4976,1729608454,3575.113
4977,1729608455,3576.457
4978,1729608456,3584.559
4979,1729608457,3583.398
4980,1729608458,3582.137
4981,1729608459,3581.484
4982,1729608460,3578.629
4983,1729608461,3577.703
4984,1729608462,3575.309
4985,1729608463,3575.207
4986,1729608464,3571.371
4987,1729608465,3568.785
4988,1729608466,3566.895
4989,1729608467,3565.867
4990,1729608468,3568.055
4991,1729608469,3566.219
4992,1729608470,3567.031
4993,1729608471,3569.637
4994,1729608472,3568.965
4995,1729608473,3565.75
4996,1729608474,3593.68
4997,1729608475,3592.344
4998,1729608476,3594.43
4999,1729608477,3596.48
5000,1729608478,3578.137
5001,1729608479,3592.484
5002,1729608480,3594.582
5003,1729608481,3586.562
5004,1729608482,3577.113
5005,1729608483,3575.391
5006,1729608484,3570.715
5007,1729608485,3566.141
5008,1729608486,3564.711
5009,1729608487,3564.695
5010,1729608488,3561.938
5011,1729608489,3560.805
5012,1729608490,3564.035
5013,1729608491,3564.918
5014,1729608492,3569.758
5015,1729608493,3570.551
5016,1729608494,3567.375
5017,1729608495,3569.059
5018,1729608496,3567.016
5019,1729608497,3569.246
5020,1729608498,3566.023
5021,1729608499,3567.391
5022,1729608500,3566.836
5023,1729608501,3567.238
5024,1729608502,3567.074
5025,1729608503,3566.695
5026,1729608504,3568.672
5027,1729608505,3583.742
5028,1729608506,3588.168
5029,1729608507,3588.016
5030,1729608508,3588.031
5031,1729608509,3589.305
5032,1729608510,3589.605
5033,1729608511,3586.262
5034,1729608512,3587.453
5035,1729608513,3588.113
5036,1729608514,3586.082
5037,1729608515,3585.129
5038,1729608516,3586.094
5039,1729608517,3586.598
5040,1729608518,3583.184
5041,1729608519,3578.766
5042,1729608520,3578.922
5043,1729608521,3576.496
5044,1729608522,3574.566
5045,1729608523,3575.848
5046,1729608524,3577.719
5047,1729608525,3579.375
5048,1729608526,3581.668
5049,1729608527,3583.738
5050,1729608528,3580.68
5051,1729608529,3577.352
5052,1729608530,3577.758
5053,1729608531,3576.516
5054,1729608532,3577.543
5055,1729608533,3575.363
5056,1729608534,3576.719
5057,1729608535,3575.277
5058,1729608536,3576.762
5059,1729608537,3574.992
5060,1729608538,3577.168
5061,1729608539,3582.824
5062,1729608540,3585.848
5063,1729608541,3583.992
5064,1729608542,3581.707
5065,1729608543,3581.52
5066,1729608544,3582.473
5067,1729608545,3581.867
5068,1729608546,3581.562
5069,1729608547,3581.266
5070,1729608548,3585.109
5071,1729608549,3585.746
5072,1729608550,3586.453
5073,1729608551,3587.676
5074,1729608552,3584.199
5075,1729608553,3585.266
5076,1729608554,3586.094
5077,1729608555,3585.766
5078,1729608556,3583.598
5079,1729608557,3583.348
5080,1729608558,3583.543
5081,1729608559,3580.852
5082,1729608560,3579.953
5083,1729608561,3579.055
5084,1729608562,3577.562
5085,1729608563,3577.117
5086,1729608564,3578.012
5087,1729608565,3571.707
5088,1729608566,3571.266
5089,1729608567,3571.25
5090,1729608568,3618.223
5091,1729608569,3622.414
5092,1729608570,3621.188
5093,1729608571,3620.57
5094,1729608572,3598.535
5095,1729608573,3596.066
5096,1729608574,3585.941
5097,1729608575,3582.891
5098,1729608576,3576.238
5099,1729608577,3575.492
5100,1729608578,3573.934
5101,1729608579,3574.785
5102,1729608580,3574.297
5103,1729608581,3574.449
5104,1729608582,3572.625
5105,1729608583,3574.211
5106,1729608584,3572.012
5107,1729608585,3576.711
5108,1729608586,3574.074
5109,1729608587,3572.152
5110,1729608588,3572.215
5111,1729608589,3576.312
5112,1729608590,3582.492
5113,1729608591,3581.07
5114,1729608592,3577.414
5115,1729608593,3578.141
5116,1729608594,3576.715
5117,1729608595,3576.262
5118,1729608596,3577.012
5119,1729608597,3576.141
5120,1729608598,3572.355
5121,1729608599,3573.793
5122,1729608600,3576.145
5123,1729608601,3572.566
5124,1729608602,3571.887
5125,1729608603,3574.859
5126,1729608604,3574.211
5127,1729608605,3572.191
5128,1729608606,3573.387
5129,1729608607,3573.758
5130,1729608608,3574.133
5131,1729608609,3573.281
5132,1729608610,3572.266
5133,1729608611,3574.129
5134,1729608612,3573.367
5135,1729608613,3571.109
5136,1729608614,3571.668
5137,1729608615,3573.547
5138,1729608616,3574.535
5139,1729608617,3571.25
5140,1729608618,3571.551
5141,1729608619,3571.746
5142,1729608620,3571.398
5143,1729608621,3568.363
5144,1729608622,3571.566
5145,1729608623,3567.988
5146,1729608624,3568.867
5147,1729608625,3569.781
5148,1729608626,3569.676
5149,1729608627,3569.93
5150,1729608628,3570.715
5151,1729608629,3571.352
5152,1729608630,3571.824
5153,1729608631,3573.922
5154,1729608632,3572.996
5155,1729608633,3573.93
5156,1729608634,3574.137
5157,1729608635,3572.918
5158,1729608636,3573.102
5159,1729608637,3571.914
5160,1729608638,3572.898
5161,1729608639,3573.219
5162,1729608640,3572.914
5163,1729608641,3573.527
5164,1729608642,3574.434
5165,1729608643,3573.445
5166,1729608644,3574.02
5167,1729608645,3572.531
5168,1729608646,3572.559
5169,1729608647,3574.172
5170,1729608648,3575.672
5171,1729608649,3574.324
5172,1729608650,3574.93
5173,1729608651,3576.656
5174,1729608652,3572.781
5175,1729608653,3569.535
5176,1729608654,3571.266
5177,1729608655,3571.227
5178,1729608656,3569.008
5179,1729608657,3569.547
5180,1729608658,3569.391
5181,1729608659,3569.434
5182,1729608660,3571.34
5183,1729608661,3574.586
5184,1729608662,3579.602
5185,1729608663,3577.199
5186,1729608664,3574.414
5187,1729608665,3575.781
5188,1729608666,3576.078
5189,1729608667,3580.18
5190,1729608668,3580.195
5191,1729608669,3577.84
5192,1729608670,3580.238
5193,1729608671,3580.246
5194,1729608672,3584.348
5195,1729608673,3582.941
5196,1729608674,3589.996
5197,1729608675,3593.57
5198,1729608676,3589.727
5199,1729608677,3588.629
5200,1729608678,3584.926
5201,1729608679,3584.504
5202,1729608680,3582.668
5203,1729608681,3582.422
5204,1729608682,3582.621
5205,1729608683,3516.176
5206,1729608684,3511.906
5207,1729608685,3509.059
5208,1729608686,3509.297
5209,1729608687,3511.188
5210,1729608688,3510.656
5211,1729608689,3510.777
5212,1729608690,3509.047
5213,1729608691,3508.867
5214,1729608692,3504.715
5215,1729608693,3504.973
5216,1729608694,3498.766
5217,1729608695,3497.188
5218,1729608696,3495.98
5219,1729608697,3496.215
5220,1729608698,3497.91
5221,1729608699,3494.27
5222,1729608700,3495.746
5223,1729608701,3496.473
5224,1729608702,3495.352
5225,1729608703,3496.488
5226,1729608704,3497.551
5227,1729608705,3497.285
5228,1729608706,3498.195
5229,1729608707,3496.871
5230,1729608708,3496.762
5231,1729608709,3498.035
5232,1729608710,3496.887
5233,1729608711,3497.559
5234,1729608712,3500.457
5235,1729608713,3499.84
5236,1729608714,3501.371
5237,1729608715,3504.148
5238,1729608716,3504.754
5239,1729608717,3503.676
5240,1729608718,3505.711
5241,1729608719,3503.16
5242,1729608720,3502.965
5243,1729608721,3504.648
5244,1729608722,3503.023
5245,1729608723,3504.27
5246,1729608724,3502.105
5247,1729608725,3503.453
5248,1729608726,3503.168
5249,1729608727,3501.98
5250,1729608728,3501.824
5251,1729608729,3500.969
5252,1729608730,3500.766
5253,1729608731,3500.043
5254,1729608732,3499.301
5255,1729608733,3500.188
5256,1729608734,3538.504
5257,1729608735,3535.758
5258,1729608736,3534.301
5259,1729608737,3533.598
5260,1729608738,3515.164
5261,1729608739,3508.035
5262,1729608740,3504.758
5263,1729608741,3506.977
5264,1729608742,3505.5
5265,1729608743,3506.387
5266,1729608744,3507.863
5267,1729608745,3503.672
5268,1729608746,3504.832
5269,1729608747,3504.742
5270,1729608748,3504.266
5271,1729608749,3504.195
5272,1729608750,3501.93
5273,1729608751,3501.25
5274,1729608752,3504.449
5275,1729608753,3501.949
5276,1729608754,3504.609
5277,1729608755,3503.977
5278,1729608756,3502.879
5279,1729608757,3503.488
5280,1729608758,3505.34
5281,1729608759,3504.047
5282,1729608760,3507.051
5283,1729608761,3509.375
5284,1729608762,3503.477
5285,1729608763,3503.215
5286,1729608764,3501.09
5287,1729608765,3502.812
5288,1729608766,3501.066
5289,1729608767,3502.109
5290,1729608768,3501.617
5291,1729608769,3502.184
5292,1729608770,3502.887
5293,1729608771,3503.465
5294,1729608772,3502.371
5295,1729608773,3501.16
5296,1729608774,3502.059
5297,1729608775,3501.598
5298,1729608776,3504.184
5299,1729608777,3504.148
5300,1729608778,3502.383
5301,1729608779,3544.273
5302,1729608780,3544.125
5303,1729608781,3536.879
5304,1729608782,3535.16
5305,1729608783,3524.512
5306,1729608784,3524.336
5307,1729608785,3525.301
5308,1729608786,3526.586
5309,1729608787,3527.07
5310,1729608788,3527.105
5311,1729608789,3527.336
5312,1729608790,3527.023
5313,1729608791,3524.777
5314,1729608792,3525.91
5315,1729608793,3527.992
5316,1729608794,3525.949
5317,1729608795,3525.172
5318,1729608796,3526.156
5319,1729608797,3522.973
5320,1729608798,3528.633
5321,1729608799,3524.434
5322,1729608800,3523.453
5323,1729608801,3523.297
5324,1729608802,3522.262
5325,1729608803,3523.227
5326,1729608804,3524.699
5327,1729608805,3526.477
5328,1729608806,3525.781
5329,1729608807,3525.879
5330,1729608808,3526.914
5331,1729608809,3524.633
5332,1729608810,3525.324
5333,1729608811,3528.031
5334,1729608812,3527.945
5335,1729608813,3527.227
5336,1729608814,3524.941
5337,1729608815,3525.395
5338,1729608816,3526.574
5339,1729608817,3521.332
5340,1729608818,3527.84
5341,1729608819,3526.648
5342,1729608820,3528.008
5343,1729608821,3527.453
5344,1729608822,3527.512
5345,1729608823,3524.156
5346,1729608824,3526.41
5347,1729608825,3525.844
5348,1729608826,3521.754
5349,1729608827,3523.738
5350,1729608828,3520.496
5351,1729608829,3522.031
5352,1729608830,3523.215
5353,1729608831,3522.488
5354,1729608832,3523.406
5355,1729608833,3523.246
5356,1729608834,3519.984
5357,1729608835,3521.793
5358,1729608836,3520.242
5359,1729608837,3520.609
5360,1729608838,3520.828
5361,1729608839,3522.277
5362,1729608840,3519.609
5363,1729608841,3520.688
5364,1729608842,3517.305
5365,1729608843,3518.109
5366,1729608844,3516.156
5367,1729608845,3518.418
5368,1729608846,3519.914
5369,1729608847,3520.316
5370,1729608848,3520.648
5371,1729608849,3523.293
5372,1729608850,3522.66
5373,1729608851,3524.648
5374,1729608852,3523.945
5375,1729608853,3522.719
5376,1729608854,3524.945
5377,1729608855,3523.094
5378,1729608856,3524.852
5379,1729608857,3523.574
5380,1729608858,3523.488
5381,1729608859,3526.301
5382,1729608860,3522.742
5383,1729608861,3522.941
5384,1729608862,3524.285
5385,1729608863,3524.613
5386,1729608864,3524.02
5387,1729608865,3523.84
5388,1729608866,3522.199
5389,1729608867,3521.113
5390,1729608868,3520.477
5391,1729608869,3517.137
5392,1729608870,3518.738
5393,1729608871,3518.348
5394,1729608872,3521.762
5395,1729608873,3521.539
5396,1729608874,3520.105
5397,1729608875,3518.57
5398,1729608876,3518.348
5399,1729608877,3519.594
5400,1729608878,3518.215
5401,1729608879,3523.168
5402,1729608880,3521.75
5403,1729608881,3522.504
5404,1729608882,3523.977
5405,1729608883,3521.762
5406,1729608884,3521.613
5407,1729608885,3521.074
5408,1729608886,3523.66
5409,1729608887,3525.121
5410,1729608888,3523.906
5411,1729608889,3523.0
5412,1729608890,3521.477
5413,1729608891,3519.234
5414,1729608892,3519.773
5415,1729608893,3521.469
5416,1729608894,3522.633
5417,1729608895,3524.742
5418,1729608896,3526.035
5419,1729608897,3523.898
5420,1729608898,3522.332
5421,1729608899,3522.84
5422,1729608900,3525.012
5423,1729608901,3523.039
5424,1729608902,3524.73
5425,1729608903,3521.578
5426,1729608904,3521.164
5427,1729608905,3521.555
5428,1729608906,3521.949
5429,1729608907,3522.391
5430,1729608908,3522.137
5431,1729608909,3518.777
5432,1729608910,3522.012
5433,1729608911,3525.828
5434,1729608912,3525.555
5435,1729608913,3523.293
5436,1729608914,3524.938
5437,1729608915,3523.586
5438,1729608916,3524.223
5439,1729608917,3522.742
5440,1729608918,3524.758
5441,1729608919,3525.094
5442,1729608920,3524.926
5443,1729608921,3522.055
5444,1729608922,3521.488
5445,1729608923,3522.469
5446,1729608924,3520.781
5447,1729608925,3522.258
5448,1729608926,3521.539
5449,1729608927,3522.547
5450,1729608928,3520.516
5451,1729608929,3520.277
5452,1729608930,3521.555
5453,1729608931,3520.828
5454,1729608932,3521.555
5455,1729608933,3520.152
5456,1729608934,3519.395
5457,1729608935,3521.699
5458,1729608936,3519.93
5459,1729608937,3521.852
5460,1729608938,3523.531
5461,1729608939,3522.395
5462,1729608940,3524.566
5463,1729608941,3524.777
5464,1729608942,3523.43
5465,1729608943,3523.316
5466,1729608944,3526.219
5467,1729608945,3527.297
5468,1729608946,3523.844
5469,1729608947,3522.598
5470,1729608948,3523.324
5471,1729608949,3524.727
5472,1729608950,3524.594
5473,1729608951,3522.477
5474,1729608952,3523.848
5475,1729608953,3526.871
5476,1729608954,3525.109
5477,1729608955,3523.934
5478,1729608956,3524.57
5479,1729608957,3523.98
5480,1729608958,3523.129
5481,1729608959,3523.18
5482,1729608960,3523.555
5483,1729608961,3522.781
5484,1729608962,3524.258
5485,1729608963,3524.555
5486,1729608964,3519.711
5487,1729608965,3523.152
5488,1729608966,3522.156
5489,1729608967,3520.285
5490,1729608968,3519.016
5491,1729608969,3520.277
5492,1729608970,3518.969
5493,1729608971,3517.648
5494,1729608972,3519.918
5495,1729608973,3522.141
5496,1729608974,3532.965
5497,1729608975,3540.293
5498,1729608976,3536.48
5499,1729608977,3537.051
5500,1729608978,3535.098
5501,1729608979,3534.441
5502,1729608980,3530.566
5503,1729608981,3527.668
5504,1729608982,3527.199
5505,1729608983,3529.816
5506,1729608984,3530.297
5507,1729608985,3529.68
5508,1729608986,3528.008
5509,1729608987,3526.883
5510,1729608988,3529.215
5511,1729608989,3530.23
5512,1729608990,3527.684
5513,1729608991,3532.984
5514,1729608992,3530.641
5515,1729608993,3530.996
5516,1729608994,3529.277
5517,1729608995,3530.633
5518,1729608996,3529.223
5519,1729608997,3528.32
5520,1729608998,3525.156
5521,1729608999,3526.184
5522,1729609000,3530.273
5523,1729609001,3531.777
5524,1729609002,3533.832
5525,1729609003,3530.801
5526,1729609004,3530.484
5527,1729609005,3533.074
5528,1729609006,3531.715
5529,1729609007,3532.348
5530,1729609008,3531.0
5531,1729609009,3530.684
5532,1729609010,3530.973
5533,1729609011,3531.152
5534,1729609012,3533.438
5535,1729609013,3532.637
5536,1729609014,3530.535
5537,1729609015,3531.223
5538,1729609016,3530.75
5539,1729609017,3531.195
5540,1729609018,3527.438
5541,1729609019,3527.824
5542,1729609020,3529.023
5543,1729609021,3526.496
5544,1729609022,3527.117
5545,1729609023,3529.875
5546,1729609024,3528.184
5547,1729609025,3525.793
5548,1729609026,3523.504
5549,1729609027,3524.352
5550,1729609028,3522.504
5551,1729609029,3523.023
5552,1729609030,3523.586
5553,1729609031,3525.375
5554,1729609032,3524.145
5555,1729609033,3526.605
5556,1729609034,3524.512
5557,1729609035,3528.879
5558,1729609036,3529.316
5559,1729609037,3528.316
5560,1729609038,3527.375
5561,1729609039,3522.344
5562,1729609040,3523.957
5563,1729609041,3524.176
5564,1729609042,3527.426
5565,1729609043,3525.648
5566,1729609044,3528.027
5567,1729609045,3529.504
5568,1729609046,3527.973
5569,1729609047,3525.824
5570,1729609048,3526.074
5571,1729609049,3528.5
5572,1729609050,3529.789
5573,1729609051,3526.512
5574,1729609052,3525.078
5575,1729609053,3527.059
5576,1729609054,3525.488
5577,1729609055,3525.414
5578,1729609056,3526.742
5579,1729609057,3528.047
5580,1729609058,3527.902
5581,1729609059,3526.258
5582,1729609060,3528.215
5583,1729609061,3530.922
5584,1729609062,3531.891
5585,1729609063,3531.438
5586,1729609064,3528.898
5587,1729609065,3525.891
5588,1729609066,3525.887
5589,1729609067,3526.219
5590,1729609068,3521.867
5591,1729609069,3524.332
5592,1729609070,3526.219
5593,1729609071,3525.121
5594,1729609072,3523.855
5595,1729609073,3522.648
5596,1729609074,3524.238
5597,1729609075,3526.188
5598,1729609076,3527.438
5599,1729609077,3528.094
5600,1729609078,3527.367
5601,1729609079,3547.188
5602,1729609080,3550.688
5603,1729609081,3550.953
5604,1729609082,3551.992
5605,1729609083,3544.773
5606,1729609084,3538.645
5607,1729609085,3536.562
5608,1729609086,3534.055
5609,1729609087,3535.766
5610,1729609088,3533.219
5611,1729609089,3535.68
5612,1729609090,3534.738
5613,1729609091,3535.117
5614,1729609092,3534.293
5615,1729609093,3533.203
5616,1729609094,3532.098
5617,1729609095,3532.0
5618,1729609096,3534.07
5619,1729609097,3533.781
5620,1729609098,3529.41
5621,1729609099,3528.082
5622,1729609100,3530.668
5623,1729609101,3530.734
5624,1729609102,3533.32
5625,1729609103,3532.23
5626,1729609104,3533.453
5627,1729609105,3534.34
5628,1729609106,3535.891
5629,1729609107,3533.992
5630,1729609108,3535.512
5631,1729609109,3534.227
5632,1729609110,3533.547
5633,1729609111,3534.59
5634,1729609112,3535.641
5635,1729609113,3529.793
5636,1729609114,3532.492
5637,1729609115,3540.047
5638,1729609116,3539.613
5639,1729609117,3538.496
5640,1729609118,3536.586
5641,1729609119,3530.789
5642,1729609120,3531.184
5643,1729609121,3534.23
5644,1729609122,3533.855
5645,1729609123,3534.703
5646,1729609124,3537.18
5647,1729609125,3534.457
5648,1729609126,3531.883
5649,1729609127,3532.445
5650,1729609128,3531.617
5651,1729609129,3534.863
5652,1729609130,3535.387
5653,1729609131,3536.191
5654,1729609132,3535.852
5655,1729609133,3538.266
5656,1729609134,3537.707
5657,1729609135,3540.707
5658,1729609136,3538.922
5659,1729609137,3538.379
5660,1729609138,3536.57
5661,1729609139,3544.469
5662,1729609140,3546.707
5663,1729609141,3546.539
5664,1729609142,3545.469
5665,1729609143,3543.953
5666,1729609144,3541.234
5667,1729609145,3539.453
5668,1729609146,3539.738
5669,1729609147,3537.898
5670,1729609148,3539.137
5671,1729609149,3539.051
5672,1729609150,3539.297
5673,1729609151,3539.652
5674,1729609152,3538.707
5675,1729609153,3539.57
5676,1729609154,3537.316
5677,1729609155,3536.957
5678,1729609156,3535.234
5679,1729609157,3533.562
5680,1729609158,3533.758
5681,1729609159,3530.0
5682,1729609160,3531.836
5683,1729609161,3533.441
5684,1729609162,3533.336
5685,1729609163,3529.699
5686,1729609164,3532.746
5687,1729609165,3532.344
5688,1729609166,3531.969
5689,1729609167,3533.957
5690,1729609168,3535.309
5691,1729609169,3535.355
5692,1729609170,3535.074
5693,1729609171,3534.754
5694,1729609172,3533.223
5695,1729609173,3532.605
5696,1729609174,3534.984
5697,1729609175,3533.348
5698,1729609176,3534.559
5699,1729609177,3535.051
5700,1729609178,3539.453
5701,1729609179,3538.844
5702,1729609180,3537.289
5703,1729609181,3540.398
5704,1729609182,3539.152
5705,1729609183,3538.863
5706,1729609184,3538.156
5707,1729609185,3538.586
5708,1729609186,3536.328
5709,1729609187,3539.281
5710,1729609188,3537.691
5711,1729609189,3538.391
5712,1729609190,3538.555
5713,1729609191,3540.426
5714,1729609192,3537.855
5715,1729609193,3537.191
5716,1729609194,3538.172
5717,1729609195,3537.359
5718,1729609196,3536.199
5719,1729609197,3535.629
5720,1729609198,3536.922
5721,1729609199,3531.16
5722,1729609200,3533.965