,0,1
0,1733145491,423
1,1733145492,423
2,1733145493,423
3,1733145494,423
4,1733145495,423
5,1733145496,423
6,1733145497,423
7,1733145498,423
8,1733145499,423
9,1733145500,423
10,1733145501,423
11,1733145502,423
12,1733145503,423
13,1733145504,423
14,1733145505,423
15,1733145506,423
16,1733145507,425
17,1733145508,423
18,1733145509,423
19,1733145510,423
20,1733145511,423
21,1733145512,423
22,1733145513,423
23,1733145514,423
24,1733145515,423
25,1733145516,423
26,1733145517,423
27,1733145518,423
28,1733145519,423
29,1733145520,423
30,1733145521,423
31,1733145522,423
32,1733145523,423
33,1733145524,423
34,1733145525,423
35,1733145526,423
36,1733145527,423
37,1733145528,423
38,1733145529,423
39,1733145530,423
40,1733145531,423
41,1733145532,423
42,1733145533,423
43,1733145534,423
44,1733145535,423
45,1733145536,423
46,1733145537,423
47,1733145538,423
48,1733145539,423
49,1733145540,423
50,1733145541,423
51,1733145542,423
52,1733145543,423
53,1733145544,423
54,1733145545,423
55,1733145546,423
56,1733145547,423
57,1733145548,423
58,1733145549,423
59,1733145550,423
60,1733145551,423
61,1733145552,423
62,1733145553,423
63,1733145554,423
64,1733145555,423
65,1733145556,423
66,1733145557,423
67,1733145558,423
68,1733145559,423
69,1733145560,422
70,1733145561,422
71,1733145562,422
72,1733145563,422
73,1733145564,422
74,1733145565,422
75,1733145566,422
76,1733145567,422
77,1733145568,422
78,1733145569,422
79,1733145570,422
80,1733145571,422
81,1733145572,422
82,1733145573,422
83,1733145574,422
84,1733145575,422
85,1733145576,422
86,1733145577,422
87,1733145578,422
88,1733145579,422
89,1733145580,422
90,1733145581,422
91,1733145582,422
92,1733145583,422
93,1733145584,422
94,1733145585,422
95,1733145586,422
96,1733145587,422
97,1733145588,422
98,1733145589,422
99,1733145590,422
100,1733145591,422
101,1733145592,422
102,1733145593,422
103,1733145594,422
104,1733145595,422
105,1733145596,422
106,1733145597,422
107,1733145598,422
108,1733145599,422
109,1733145600,422
110,1733145601,422
111,1733145602,422
112,1733145603,422
113,1733145604,422
114,1733145605,422
115,1733145606,422
116,1733145607,422
117,1733145608,422
118,1733145609,422
119,1733145610,422
120,1733145611,422
121,1733145612,422
122,1733145613,422
123,1733145614,422
124,1733145615,422
125,1733145616,422
126,1733145617,422
127,1733145618,422
128,1733145619,422
129,1733145620,422
130,1733145621,422
131,1733145622,422
132,1733145623,423
133,1733145624,423
134,1733145625,423
135,1733145626,423
136,1733145627,423
137,1733145628,423
138,1733145629,423
139,1733145630,423
140,1733145631,423
141,1733145632,423
142,1733145633,423
143,1733145634,423
144,1733145635,423
145,1733145636,422
146,1733145637,422
147,1733145638,422
148,1733145639,422
149,1733145640,423
150,1733145641,423
151,1733145642,423
152,1733145643,423
153,1733145644,423
154,1733145645,423
155,1733145646,423
156,1733145647,423
157,1733145648,423
158,1733145649,423
159,1733145650,423
160,1733145651,423
161,1733145652,423
162,1733145653,423
163,1733145654,423
164,1733145655,423
165,1733145656,423
166,1733145657,423
167,1733145658,424
168,1733145659,424
169,1733145660,424
170,1733145661,424
171,1733145662,424
172,1733145663,424
173,1733145664,424
174,1733145665,424
175,1733145666,424
176,1733145667,424
177,1733145668,424
178,1733145669,424
179,1733145670,424
180,1733145671,424
181,1733145672,424
182,1733145673,424
183,1733145674,424
184,1733145675,424
185,1733145676,424
186,1733145677,424
187,1733145678,424
188,1733145679,424
189,1733145680,424
190,1733145681,424
191,1733145682,424
192,1733145683,424
193,1733145684,424
194,1733145685,424
195,1733145686,424
196,1733145687,424
197,1733145688,424
198,1733145689,424
199,1733145690,424
200,1733145691,424
201,1733145692,424
202,1733145693,424
203,1733145694,424
204,1733145695,424
205,1733145696,424
206,1733145697,424
207,1733145698,424
208,1733145699,424
209,1733145700,424
210,1733145701,423
211,1733145702,423
212,1733145703,423
213,1733145704,423
214,1733145705,423
215,1733145706,423
216,1733145707,423
217,1733145708,423
218,1733145709,423
219,1733145710,423
220,1733145711,423
221,1733145712,423
222,1733145713,423
223,1733145714,423
224,1733145715,423
225,1733145716,424
226,1733145717,424
227,1733145718,424
228,1733145719,424
229,1733145720,424
230,1733145721,424
231,1733145722,424
232,1733145723,424
233,1733145724,424
234,1733145725,424
235,1733145726,424
236,1733145727,424
237,1733145728,424
238,1733145729,424
239,1733145730,424
240,1733145731,424
241,1733145732,424
242,1733145733,424
243,1733145734,422
244,1733145735,423
245,1733145736,422
246,1733145737,422
247,1733145738,422
248,1733145739,422
249,1733145740,422
250,1733145741,422
251,1733145742,422
252,1733145743,422
253,1733145744,422
254,1733145745,422
255,1733145746,427
256,1733145747,424
257,1733145748,424
258,1733145749,424
259,1733145750,424
260,1733145751,424
261,1733145752,423
262,1733145753,423
263,1733145754,423
264,1733145755,423
265,1733145756,423
266,1733145757,423
267,1733145758,423
268,1733145759,423
269,1733145760,423
270,1733145761,423
271,1733145762,423
272,1733145763,423
273,1733145764,423
274,1733145765,423
275,1733145766,423
276,1733145767,423
277,1733145768,423
278,1733145769,423
279,1733145770,423
280,1733145771,423
281,1733145772,423
282,1733145773,423
283,1733145774,423
284,1733145775,423
285,1733145776,423
286,1733145777,423
287,1733145778,423
288,1733145779,423
289,1733145780,424
290,1733145781,424
291,1733145782,424
292,1733145783,424
293,1733145784,424
294,1733145785,424
295,1733145786,424
296,1733145787,424
297,1733145788,424
298,1733145789,424
299,1733145790,424
300,1733145791,424
301,1733145792,424
302,1733145793,427
303,1733145794,424
304,1733145795,424
305,1733145796,424
306,1733145797,424
307,1733145798,425
308,1733145799,425
309,1733145800,425
310,1733145801,425
311,1733145802,425
312,1733145803,425
313,1733145804,425
314,1733145805,425
315,1733145806,425
316,1733145807,425
317,1733145808,425
318,1733145809,425
319,1733145810,425
320,1733145811,426
321,1733145812,426
322,1733145813,426
323,1733145814,425
324,1733145815,425
325,1733145816,425
326,1733145817,425
327,1733145818,425
328,1733145819,425
329,1733145820,425
330,1733145821,425
331,1733145822,425
332,1733145823,425
333,1733145824,425
334,1733145825,425
335,1733145826,425
336,1733145827,425
337,1733145828,425
338,1733145829,425
339,1733145830,425
340,1733145831,425
341,1733145832,425
342,1733145833,425
343,1733145834,425
344,1733145835,425
345,1733145836,425
346,1733145837,425
347,1733145838,425
348,1733145839,425
349,1733145840,425
350,1733145841,425
351,1733145842,425
352,1733145843,425
353,1733145844,425
354,1733145845,425
355,1733145846,425
356,1733145847,425
357,1733145848,425
358,1733145849,425
359,1733145850,425
360,1733145851,425
361,1733145852,425
362,1733145853,425
363,1733145854,425
364,1733145855,425
365,1733145856,425
366,1733145857,425
367,1733145858,426
368,1733145859,425
369,1733145860,425
370,1733145861,425
371,1733145862,425
372,1733145863,425
373,1733145864,425
374,1733145865,425
375,1733145866,425
376,1733145867,426
377,1733145868,425
378,1733145869,425
379,1733145870,425
380,1733145871,425
381,1733145872,425
382,1733145873,425
383,1733145874,425
384,1733145875,425
385,1733145876,425
386,1733145877,425
387,1733145878,425
388,1733145879,425
389,1733145880,425
390,1733145881,425
391,1733145882,425
392,1733145883,425
393,1733145884,425
394,1733145885,425
395,1733145886,425
396,1733145887,425
397,1733145888,425
398,1733145889,425
399,1733145890,425
400,1733145891,425
401,1733145892,425
402,1733145893,425
403,1733145894,425
404,1733145895,425
405,1733145896,425
406,1733145897,425
407,1733145898,425
408,1733145899,425
409,1733145900,425
410,1733145901,425
411,1733145902,425
412,1733145903,425
413,1733145904,425
414,1733145905,425
415,1733145906,425
416,1733145907,425
417,1733145908,425
418,1733145909,425
419,1733145910,425
420,1733145911,425
421,1733145912,425
422,1733145913,425
423,1733145914,425
424,1733145915,425
425,1733145916,425
426,1733145917,425
427,1733145918,425
428,1733145919,425
429,1733145920,425
430,1733145921,425
431,1733145922,425
432,1733145923,425
433,1733145924,425
434,1733145925,424
435,1733145926,424
436,1733145927,424
437,1733145928,424
438,1733145929,424
439,1733145930,424
440,1733145931,424
441,1733145932,424
442,1733145933,424
443,1733145934,424
444,1733145935,424
445,1733145936,424
446,1733145937,424
447,1733145938,424
448,1733145939,424
449,1733145940,424
450,1733145941,424
451,1733145942,424
452,1733145943,424
453,1733145944,424
454,1733145945,424
455,1733145946,424
456,1733145947,422
457,1733145948,423
458,1733145949,423
459,1733145950,423
460,1733145951,423
461,1733145952,423
462,1733145953,423
463,1733145954,423
464,1733145955,422
465,1733145956,422
466,1733145957,422
467,1733145958,422
468,1733145959,423
469,1733145960,423
470,1733145961,423
471,1733145962,423
472,1733145963,422
473,1733145964,422
474,1733145965,422
475,1733145966,422
476,1733145967,422
477,1733145968,422
478,1733145969,422
479,1733145970,422
480,1733145971,422
481,1733145972,422
482,1733145973,422
483,1733145974,422
484,1733145975,422
485,1733145976,422
486,1733145977,422
487,1733145978,422
488,1733145979,422
489,1733145980,422
490,1733145981,422
491,1733145982,422
492,1733145983,422
493,1733145984,422
494,1733145985,422
495,1733145986,422
496,1733145987,422
497,1733145988,422
498,1733145989,422
499,1733145990,422
500,1733145991,422
501,1733145992,422
502,1733145993,422
503,1733145994,422
504,1733145995,422
505,1733145996,422
506,1733145997,422
507,1733145998,422
508,1733145999,422
509,1733146000,422
510,1733146001,422
511,1733146002,422
512,1733146003,422
513,1733146004,422
514,1733146005,422
515,1733146006,422
516,1733146007,422
517,1733146008,422
518,1733146009,422
519,1733146010,422
520,1733146011,422
521,1733146012,422
522,1733146013,422
523,1733146014,422
524,1733146015,423
525,1733146016,423
526,1733146017,423
527,1733146018,424
528,1733146019,424
529,1733146020,424
530,1733146021,424
531,1733146022,424
532,1733146023,424
533,1733146024,424
534,1733146025,424
535,1733146026,424
536,1733146027,424
537,1733146028,424
538,1733146029,423
539,1733146030,423
540,1733146031,423
541,1733146032,423
542,1733146033,423
543,1733146034,423
544,1733146035,423
545,1733146036,423
546,1733146037,423
547,1733146038,423
548,1733146039,423
549,1733146040,423
550,1733146041,423
551,1733146042,423
552,1733146043,423
553,1733146044,423
554,1733146045,423
555,1733146046,423
556,1733146047,423
557,1733146048,423
558,1733146049,423
559,1733146050,423
560,1733146051,423
561,1733146052,423
562,1733146053,423
563,1733146054,423
564,1733146055,423
565,1733146056,423
566,1733146057,423
567,1733146058,423
568,1733146059,423
569,1733146060,423
570,1733146061,423
571,1733146062,421
572,1733146063,421
573,1733146064,421
574,1733146065,421
575,1733146066,421
576,1733146067,421
577,1733146068,421
578,1733146069,421
579,1733146070,421
580,1733146071,421
581,1733146072,421
582,1733146073,421
583,1733146074,421
584,1733146075,421
585,1733146076,421
586,1733146077,421
587,1733146078,421
588,1733146079,421
589,1733146080,421
590,1733146081,421
591,1733146082,421
592,1733146083,421
593,1733146084,421
594,1733146085,421
595,1733146086,421
596,1733146087,421
597,1733146088,421
598,1733146089,423
599,1733146090,424
600,1733146091,424
601,1733146092,424
602,1733146093,424
603,1733146094,424
604,1733146095,423
605,1733146096,423
606,1733146097,423
607,1733146098,426
608,1733146099,423
609,1733146100,423
610,1733146101,423
611,1733146102,423
612,1733146103,423
613,1733146104,423
614,1733146105,423
615,1733146106,423
616,1733146107,423
617,1733146108,423
618,1733146109,423
619,1733146110,423
620,1733146111,423
621,1733146112,423
622,1733146113,423
623,1733146114,423
624,1733146115,423
625,1733146116,423
626,1733146117,423
627,1733146118,423
628,1733146119,423
629,1733146120,423
630,1733146121,423
631,1733146122,423
632,1733146123,423
633,1733146124,425
634,1733146125,423
635,1733146126,423
636,1733146127,422
637,1733146128,422
638,1733146129,422
639,1733146130,422
640,1733146131,422
641,1733146132,422
642,1733146133,422
643,1733146134,422
644,1733146135,422
645,1733146136,422
646,1733146137,422
647,1733146138,422
648,1733146139,422
649,1733146140,422
650,1733146141,422
651,1733146142,422
652,1733146143,422
653,1733146144,422
654,1733146145,422
655,1733146146,422
656,1733146147,422
657,1733146148,422
658,1733146149,422
659,1733146150,422
660,1733146151,422
661,1733146152,422
662,1733146153,422
663,1733146154,422
664,1733146155,422
665,1733146156,422
666,1733146157,422
667,1733146158,422
668,1733146159,422
669,1733146160,422
670,1733146161,422
671,1733146162,422
672,1733146163,422
673,1733146164,422
674,1733146165,422
675,1733146166,422
676,1733146167,422
677,1733146168,422
678,1733146169,422
679,1733146170,422
680,1733146171,422
681,1733146172,422
682,1733146173,422
683,1733146174,422
684,1733146175,422
685,1733146176,422
686,1733146177,423
687,1733146178,423
688,1733146179,423
689,1733146180,423
690,1733146181,423
691,1733146182,423
692,1733146183,423
693,1733146184,423
694,1733146185,423
695,1733146186,423
696,1733146187,423
697,1733146188,423
698,1733146189,423
699,1733146190,423
700,1733146191,423
701,1733146192,423
702,1733146193,423
703,1733146194,423
704,1733146195,423
705,1733146196,423
706,1733146197,423
707,1733146198,423
708,1733146199,423
709,1733146200,423
710,1733146201,423
711,1733146202,423
712,1733146203,423
713,1733146204,423
714,1733146205,423
715,1733146206,423
716,1733146207,423
717,1733146208,423
718,1733146209,423
719,1733146210,423
720,1733146211,423
721,1733146212,423
722,1733146213,423
723,1733146214,423
724,1733146215,423
725,1733146216,423
726,1733146217,423
727,1733146218,423
728,1733146219,423
729,1733146220,423
730,1733146221,423
731,1733146222,423
732,1733146223,423
733,1733146224,423
734,1733146225,423
735,1733146226,423
736,1733146227,423
737,1733146228,423
738,1733146229,423
739,1733146230,423
740,1733146231,423
741,1733146232,423
742,1733146233,423
743,1733146234,423
744,1733146235,423
745,1733146236,423
746,1733146237,423
747,1733146238,423
748,1733146239,423
749,1733146240,423
750,1733146241,423
751,1733146242,423
752,1733146243,423
753,1733146244,423
754,1733146245,423
755,1733146246,423
756,1733146247,423
757,1733146248,423
758,1733146249,423
759,1733146250,423
760,1733146251,423
761,1733146252,423
762,1733146253,423
763,1733146254,423
764,1733146255,423
765,1733146256,423
766,1733146257,423
767,1733146258,422
768,1733146259,423
769,1733146260,423
770,1733146261,423
771,1733146262,423
772,1733146263,423
773,1733146264,423
774,1733146265,423
775,1733146266,423
776,1733146267,423
777,1733146268,423
778,1733146269,423
779,1733146270,423
780,1733146271,423
781,1733146272,423
782,1733146273,423
783,1733146274,423
784,1733146275,423
785,1733146276,423
786,1733146277,423
787,1733146278,423
788,1733146279,423
789,1733146280,423
790,1733146281,423
791,1733146282,423
792,1733146283,423
793,1733146284,423
794,1733146285,423
795,1733146286,423
796,1733146287,423
797,1733146288,423
798,1733146289,423
799,1733146290,423
800,1733146291,423
801,1733146292,423
802,1733146293,423
803,1733146294,423
804,1733146295,423
805,1733146296,423
806,1733146297,423
807,1733146298,423
808,1733146299,423
809,1733146300,423
810,1733146301,423
811,1733146302,423
812,1733146303,422
813,1733146304,422
814,1733146305,422
815,1733146306,422
816,1733146307,422
817,1733146308,422
818,1733146309,422
819,1733146310,422
820,1733146311,422
821,1733146312,422
822,1733146313,422
823,1733146314,422
824,1733146315,422
825,1733146316,423
826,1733146317,423
827,1733146318,423
828,1733146319,423
829,1733146320,423
830,1733146321,423
831,1733146322,423
832,1733146323,423
833,1733146324,421
834,1733146325,421
835,1733146326,421
836,1733146327,421
837,1733146328,421
838,1733146329,421
839,1733146330,421
840,1733146331,421
841,1733146332,421
842,1733146333,421
843,1733146334,421
844,1733146335,421
845,1733146336,422
846,1733146337,422
847,1733146338,422
848,1733146339,422
849,1733146340,422
850,1733146341,422
851,1733146342,422
852,1733146343,422
853,1733146344,422
854,1733146345,422
855,1733146346,422
856,1733146347,422
857,1733146348,422
858,1733146349,422
859,1733146350,422
860,1733146351,422
861,1733146352,422
862,1733146353,422
863,1733146354,422
864,1733146355,422
865,1733146356,422
866,1733146357,422
867,1733146358,422
868,1733146359,422
869,1733146360,422
870,1733146361,422
871,1733146362,422
872,1733146363,422
873,1733146364,422
874,1733146365,422
875,1733146366,422
876,1733146367,422
877,1733146368,422
878,1733146369,422
879,1733146370,422
880,1733146371,422
881,1733146372,422
882,1733146373,422
883,1733146374,422
884,1733146375,422
885,1733146376,422
886,1733146377,422
887,1733146378,422
888,1733146379,422
889,1733146380,422
890,1733146381,422
891,1733146382,422
892,1733146383,422
893,1733146384,422
894,1733146385,422
895,1733146386,422
896,1733146387,422
897,1733146388,422
898,1733146389,420
899,1733146390,421
900,1733146391,421
901,1733146392,421
902,1733146393,421
903,1733146394,421
904,1733146395,421
905,1733146396,421
906,1733146397,421
907,1733146398,422
908,1733146399,422
909,1733146400,422
910,1733146401,422
911,1733146402,422
912,1733146403,422
913,1733146404,422
914,1733146405,422
915,1733146406,421
916,1733146407,421
917,1733146408,421
918,1733146409,421
919,1733146410,421
920,1733146411,421
921,1733146412,421
922,1733146413,421
923,1733146414,420
924,1733146415,420
925,1733146416,420
926,1733146417,420
927,1733146418,420
928,1733146419,420
929,1733146420,420
930,1733146421,420
931,1733146422,420
932,1733146423,420
933,1733146424,420
934,1733146425,420
935,1733146426,420
936,1733146427,420
937,1733146428,420
938,1733146429,420
939,1733146430,420
940,1733146431,420
941,1733146432,420
942,1733146433,420
943,1733146434,420
944,1733146435,420
945,1733146436,420
946,1733146437,420
947,1733146438,420
948,1733146439,420
949,1733146440,420
950,1733146441,420
951,1733146442,420
952,1733146443,420
953,1733146444,420
954,1733146445,420
955,1733146446,420
956,1733146447,420
957,1733146448,420
958,1733146449,420
959,1733146450,420
960,1733146451,420
961,1733146452,420
962,1733146453,420
963,1733146454,420
964,1733146455,420
965,1733146456,420
966,1733146457,420
967,1733146458,420
968,1733146459,420
969,1733146460,420
970,1733146461,421
971,1733146462,421
972,1733146463,421
973,1733146464,421
974,1733146465,421
975,1733146466,421
976,1733146467,421
977,1733146468,421
978,1733146469,421
979,1733146470,421
980,1733146471,421
981,1733146472,421
982,1733146473,421
983,1733146474,421
984,1733146475,421
985,1733146476,421
986,1733146477,421
987,1733146478,420
988,1733146479,420
989,1733146480,420
990,1733146481,420
991,1733146482,420
992,1733146483,420
993,1733146484,420
994,1733146485,420
995,1733146486,420
996,1733146487,420
997,1733146488,420
998,1733146489,420
999,1733146490,420
1000,1733146491,420
1001,1733146492,420
1002,1733146493,420
1003,1733146494,420
1004,1733146495,420
1005,1733146496,420
1006,1733146497,420
1007,1733146498,420
1008,1733146499,420
1009,1733146500,420
1010,1733146501,420
1011,1733146502,420
1012,1733146503,420
1013,1733146504,420
1014,1733146505,420
1015,1733146506,420
1016,1733146507,420
1017,1733146508,420
1018,1733146509,420
1019,1733146510,420
1020,1733146511,420
1021,1733146512,420
1022,1733146513,420
1023,1733146514,420
1024,1733146515,420
1025,1733146516,420
1026,1733146517,420
1027,1733146518,420
1028,1733146519,420
1029,1733146520,420
1030,1733146521,420
1031,1733146522,420
1032,1733146523,420
1033,1733146524,420
1034,1733146525,420
1035,1733146526,420
1036,1733146527,420
1037,1733146528,420
1038,1733146529,420
1039,1733146530,420
1040,1733146531,420
1041,1733146532,420
1042,1733146533,420
1043,1733146534,420
1044,1733146535,420
1045,1733146536,420
1046,1733146537,420
1047,1733146538,421
1048,1733146539,421
1049,1733146540,421
1050,1733146541,423
1051,1733146542,423
1052,1733146543,423
1053,1733146544,423
1054,1733146545,423
1055,1733146546,423
1056,1733146547,423
1057,1733146548,423
1058,1733146549,423
1059,1733146550,423
1060,1733146551,423
1061,1733146552,423
1062,1733146553,423
1063,1733146554,423
1064,1733146555,423
1065,1733146556,423
1066,1733146557,423
1067,1733146558,423
1068,1733146559,423
1069,1733146560,423
1070,1733146561,423
1071,1733146562,423
1072,1733146563,423
1073,1733146564,423
1074,1733146565,423
1075,1733146566,423
1076,1733146567,423
1077,1733146568,423
1078,1733146569,423
1079,1733146570,423
1080,1733146571,423
1081,1733146572,423
1082,1733146573,423
1083,1733146574,423
1084,1733146575,423
1085,1733146576,423
1086,1733146577,423
1087,1733146578,423
1088,1733146579,423
1089,1733146580,423
1090,1733146581,423
1091,1733146582,423
1092,1733146583,423
1093,1733146584,423
1094,1733146585,423
1095,1733146586,423
1096,1733146587,423
1097,1733146588,423
1098,1733146589,423
1099,1733146590,423
1100,1733146591,423
1101,1733146592,423
1102,1733146593,423
1103,1733146594,423
1104,1733146595,423
1105,1733146596,423
1106,1733146597,423
1107,1733146598,423
1108,1733146599,423
1109,1733146600,423
1110,1733146601,423
1111,1733146602,423
1112,1733146603,423
1113,1733146604,423
1114,1733146605,423
1115,1733146606,423
1116,1733146607,423
1117,1733146608,423
1118,1733146609,423
1119,1733146610,423
1120,1733146611,423
1121,1733146612,423
1122,1733146613,423
1123,1733146614,423
1124,1733146615,423
1125,1733146616,423
1126,1733146617,423
1127,1733146618,423
1128,1733146619,423
1129,1733146620,423
1130,1733146621,423
1131,1733146622,423
1132,1733146623,423
1133,1733146624,423
1134,1733146625,423
1135,1733146626,423
1136,1733146627,423
1137,1733146628,423
1138,1733146629,423
1139,1733146630,423
1140,1733146631,423
1141,1733146632,423
1142,1733146633,423
1143,1733146634,423
1144,1733146635,423
1145,1733146636,423
1146,1733146637,422
1147,1733146638,422
1148,1733146639,422
1149,1733146640,422
1150,1733146641,422
1151,1733146642,422
1152,1733146643,422
1153,1733146644,422
1154,1733146645,422
1155,1733146646,422
1156,1733146647,422
1157,1733146648,422
1158,1733146649,422
1159,1733146650,422
1160,1733146651,422
1161,1733146652,422
1162,1733146653,422
1163,1733146654,422
1164,1733146655,422
1165,1733146656,422
1166,1733146657,422
1167,1733146658,422
1168,1733146659,422
1169,1733146660,422
1170,1733146661,422
1171,1733146662,422
1172,1733146663,423
1173,1733146664,423
1174,1733146665,423
1175,1733146666,423
1176,1733146667,423
1177,1733146668,423
1178,1733146669,423
1179,1733146670,423
1180,1733146671,423
1181,1733146672,423
1182,1733146673,423
1183,1733146674,423
1184,1733146675,423
1185,1733146676,423
1186,1733146677,423
1187,1733146678,423
1188,1733146679,423
1189,1733146680,423
1190,1733146681,423
1191,1733146682,423
1192,1733146683,423
1193,1733146684,423
1194,1733146685,423
1195,1733146686,423
1196,1733146687,423
1197,1733146688,423
1198,1733146689,423
1199,1733146690,423
1200,1733146691,423
1201,1733146692,423
1202,1733146693,423
1203,1733146694,423
1204,1733146695,423
1205,1733146696,423
1206,1733146697,423
1207,1733146698,423
1208,1733146699,423
1209,1733146700,423
1210,1733146701,422
1211,1733146702,422
1212,1733146703,422
1213,1733146704,422
1214,1733146705,422
1215,1733146706,422
1216,1733146707,422
1217,1733146708,422
1218,1733146709,422
1219,1733146710,422
1220,1733146711,422
1221,1733146712,422
1222,1733146713,422
1223,1733146714,422
1224,1733146715,422
1225,1733146716,422
1226,1733146717,422
1227,1733146718,422
1228,1733146719,422
1229,1733146720,422
1230,1733146721,422
1231,1733146722,422
1232,1733146723,422
1233,1733146724,422
1234,1733146725,422
1235,1733146726,422
1236,1733146727,422
1237,1733146728,422
1238,1733146729,422
1239,1733146730,422
1240,1733146731,422
1241,1733146732,422
1242,1733146733,422
1243,1733146734,422
1244,1733146735,422
1245,1733146736,422
1246,1733146737,422
1247,1733146738,422
1248,1733146739,422
1249,1733146740,422
1250,1733146741,422
1251,1733146742,422
1252,1733146743,422
1253,1733146744,422
1254,1733146745,422
1255,1733146746,422
1256,1733146747,422
1257,1733146748,422
1258,1733146749,422
1259,1733146750,422
1260,1733146751,422
1261,1733146752,422
1262,1733146753,422
1263,1733146754,422
1264,1733146755,422
1265,1733146756,422
1266,1733146757,422
1267,1733146758,422
1268,1733146759,422
1269,1733146760,422
1270,1733146761,422
1271,1733146762,422
1272,1733146763,422
1273,1733146764,422
1274,1733146765,423
1275,1733146766,423
1276,1733146767,423
1277,1733146768,423
1278,1733146769,423
1279,1733146770,423
1280,1733146771,423
1281,1733146772,423
1282,1733146773,423
1283,1733146774,423
1284,1733146775,423
1285,1733146776,423
1286,1733146777,423
1287,1733146778,423
1288,1733146779,423
1289,1733146780,423
1290,1733146781,423
1291,1733146782,423
1292,1733146783,423
1293,1733146784,423
1294,1733146785,423
1295,1733146786,423
1296,1733146787,423
1297,1733146788,423
1298,1733146789,423
1299,1733146790,423
1300,1733146791,423
1301,1733146792,423
1302,1733146793,423
1303,1733146794,423
1304,1733146795,423
1305,1733146796,423
1306,1733146797,423
1307,1733146798,423
1308,1733146799,423
1309,1733146800,423
1310,1733146801,423
1311,1733146802,423
1312,1733146803,423
1313,1733146804,423
1314,1733146805,423
1315,1733146806,423
1316,1733146807,423
1317,1733146808,423
1318,1733146809,423
1319,1733146810,423
1320,1733146811,423
1321,1733146812,423
1322,1733146813,423
1323,1733146814,423
1324,1733146815,423
1325,1733146816,423
1326,1733146817,423
1327,1733146818,423
1328,1733146819,423
1329,1733146820,426
1330,1733146821,423
1331,1733146822,423
1332,1733146823,423
1333,1733146824,423
1334,1733146825,423
1335,1733146826,423
1336,1733146827,423
1337,1733146828,423
1338,1733146829,423
1339,1733146830,423
1340,1733146831,423
1341,1733146832,423
1342,1733146833,423
1343,1733146834,423
1344,1733146835,423
1345,1733146836,423
1346,1733146837,423
1347,1733146838,422
1348,1733146839,422
1349,1733146840,422
1350,1733146841,422
1351,1733146842,422
1352,1733146843,422
1353,1733146844,422
1354,1733146845,422
1355,1733146846,422
1356,1733146847,422
1357,1733146848,420
1358,1733146849,420
1359,1733146850,420
1360,1733146851,420
1361,1733146852,420
1362,1733146853,420
1363,1733146854,420
1364,1733146855,420
1365,1733146856,420
1366,1733146857,420
1367,1733146858,420
1368,1733146859,420
1369,1733146860,420
1370,1733146861,420
1371,1733146862,420
1372,1733146863,420
1373,1733146864,420
1374,1733146865,420
1375,1733146866,420
1376,1733146867,420
1377,1733146868,420
1378,1733146869,420
1379,1733146870,420
1380,1733146871,420
1381,1733146872,420
1382,1733146873,420
1383,1733146874,420
1384,1733146875,420
1385,1733146876,420
1386,1733146877,420
1387,1733146878,420
1388,1733146879,420
1389,1733146880,420
1390,1733146881,420
1391,1733146882,420
1392,1733146883,420
1393,1733146884,420
1394,1733146885,420
1395,1733146886,420
1396,1733146887,420
1397,1733146888,420
1398,1733146889,420
1399,1733146890,420
1400,1733146891,420
1401,1733146892,420
1402,1733146893,420
1403,1733146894,420
1404,1733146895,420
1405,1733146896,420
1406,1733146897,420
1407,1733146898,420
1408,1733146899,420
1409,1733146900,420
1410,1733146901,420
1411,1733146902,420
1412,1733146903,422
1413,1733146904,420
1414,1733146905,420
1415,1733146906,420
1416,1733146907,420
1417,1733146908,420
1418,1733146909,420
1419,1733146910,420
1420,1733146911,420
1421,1733146912,420
1422,1733146913,420
1423,1733146914,420
1424,1733146915,420
1425,1733146916,420
1426,1733146917,420
1427,1733146918,420
1428,1733146919,420
1429,1733146920,420
1430,1733146921,420
1431,1733146922,420
1432,1733146923,420
1433,1733146924,420
1434,1733146925,420
1435,1733146926,420
1436,1733146927,420
1437,1733146928,420
1438,1733146929,420
1439,1733146930,420
1440,1733146931,420
1441,1733146932,420
1442,1733146933,420
1443,1733146934,420
1444,1733146935,420
1445,1733146936,420
1446,1733146937,420
1447,1733146938,420
1448,1733146939,420
1449,1733146940,420
1450,1733146941,420
1451,1733146942,420
1452,1733146943,420
1453,1733146944,420
1454,1733146945,420
1455,1733146946,420
1456,1733146947,421
1457,1733146948,420
1458,1733146949,420
1459,1733146950,420
1460,1733146951,420
1461,1733146952,420
1462,1733146953,420
1463,1733146954,420
1464,1733146955,420
1465,1733146956,420
1466,1733146957,420
1467,1733146958,420
1468,1733146959,420
1469,1733146960,420
1470,1733146961,420
1471,1733146962,420
1472,1733146963,419
1473,1733146964,419
1474,1733146965,419
1475,1733146966,419
1476,1733146967,419
1477,1733146968,419
1478,1733146969,419
1479,1733146970,419
1480,1733146971,423
1481,1733146972,423
1482,1733146973,423
1483,1733146974,423
1484,1733146975,423
1485,1733146976,423
1486,1733146977,423
1487,1733146978,423
1488,1733146979,423
1489,1733146980,423
1490,1733146981,423
1491,1733146982,423
1492,1733146983,423
1493,1733146984,423
1494,1733146985,423
1495,1733146986,423
1496,1733146987,423
1497,1733146988,423
1498,1733146989,423
1499,1733146990,423
1500,1733146991,423
1501,1733146992,423
1502,1733146993,423
1503,1733146994,423
1504,1733146995,423
1505,1733146996,423
1506,1733146997,423
1507,1733146998,424
1508,1733146999,424
1509,1733147000,424
1510,1733147001,424
1511,1733147002,424
1512,1733147003,424
1513,1733147004,424
1514,1733147005,424
1515,1733147006,424
1516,1733147007,424
1517,1733147008,424
1518,1733147009,424
1519,1733147010,424
1520,1733147011,424
1521,1733147012,424
1522,1733147013,424
1523,1733147014,423
1524,1733147015,423
1525,1733147016,423
1526,1733147017,423
1527,1733147018,423
1528,1733147019,423
1529,1733147020,423
1530,1733147021,424
1531,1733147022,424
1532,1733147023,424
1533,1733147024,424
1534,1733147025,425
1535,1733147026,425
1536,1733147027,425
1537,1733147028,425
1538,1733147029,425
1539,1733147030,425
1540,1733147031,425
1541,1733147032,425
1542,1733147033,425
1543,1733147034,425
1544,1733147035,425
1545,1733147036,425
1546,1733147037,425
1547,1733147038,425
1548,1733147039,425
1549,1733147040,425
1550,1733147041,425
1551,1733147042,425
1552,1733147043,425
1553,1733147044,425
1554,1733147045,425
1555,1733147046,425
1556,1733147047,425
1557,1733147048,425
1558,1733147049,425
1559,1733147050,425
1560,1733147051,425
1561,1733147052,425
1562,1733147053,425
1563,1733147054,425
1564,1733147055,425
1565,1733147056,425
1566,1733147057,425
1567,1733147058,425
1568,1733147059,425
1569,1733147060,425
1570,1733147061,425
1571,1733147062,425
1572,1733147063,425
1573,1733147064,425
1574,1733147065,425
1575,1733147066,425
1576,1733147067,425
1577,1733147068,425
1578,1733147069,425
1579,1733147070,425
1580,1733147071,425
1581,1733147072,425
1582,1733147073,425
1583,1733147074,428
1584,1733147075,425
1585,1733147076,425
1586,1733147077,425
1587,1733147078,424
1588,1733147079,424
1589,1733147080,424
1590,1733147081,424
1591,1733147082,424
1592,1733147083,424
1593,1733147084,424
1594,1733147085,424
1595,1733147086,424
1596,1733147087,424
1597,1733147088,424
1598,1733147089,424
1599,1733147090,424
1600,1733147091,424
1601,1733147092,424
1602,1733147093,424
1603,1733147094,424
1604,1733147095,424
1605,1733147096,424
1606,1733147097,424
1607,1733147098,424
1608,1733147099,424
1609,1733147100,424
1610,1733147101,424
1611,1733147102,424
1612,1733147103,424
1613,1733147104,424
1614,1733147105,424
1615,1733147106,424
1616,1733147107,424
1617,1733147108,424
1618,1733147109,424
1619,1733147110,424
1620,1733147111,424
1621,1733147112,424
1622,1733147113,424
1623,1733147114,424
1624,1733147115,424
1625,1733147116,424
1626,1733147117,424
1627,1733147118,424
1628,1733147119,424
1629,1733147120,424
1630,1733147121,424
1631,1733147122,424
1632,1733147123,424
1633,1733147124,424
1634,1733147125,424
1635,1733147126,424
1636,1733147127,424
1637,1733147128,424
1638,1733147129,424
1639,1733147130,424
1640,1733147131,424
1641,1733147132,424
1642,1733147133,424
1643,1733147134,424
1644,1733147135,424
1645,1733147136,424
1646,1733147137,424
1647,1733147138,424
1648,1733147139,424
1649,1733147140,424
1650,1733147141,424
1651,1733147142,424
1652,1733147143,424
1653,1733147144,424
1654,1733147145,424
1655,1733147146,424
1656,1733147147,424
1657,1733147148,425
1658,1733147149,425
1659,1733147150,425
1660,1733147151,425
1661,1733147152,425
1662,1733147153,425
1663,1733147154,425
1664,1733147155,425
1665,1733147156,425
1666,1733147157,425
1667,1733147158,425
1668,1733147159,424
1669,1733147160,424
1670,1733147161,424
1671,1733147162,424
1672,1733147163,424
1673,1733147164,424
1674,1733147165,424
1675,1733147166,424
1676,1733147167,424
1677,1733147168,425
1678,1733147169,425
1679,1733147170,425
1680,1733147171,425
1681,1733147172,425
1682,1733147173,425
1683,1733147174,425
1684,1733147175,425
1685,1733147176,425
1686,1733147177,425
1687,1733147178,425
1688,1733147179,425
1689,1733147180,425
1690,1733147181,425
1691,1733147182,425
1692,1733147183,425
1693,1733147184,425
1694,1733147185,425
1695,1733147186,425
1696,1733147187,425
1697,1733147188,425
1698,1733147189,425
1699,1733147190,425
1700,1733147191,425
1701,1733147192,424
1702,1733147193,425
1703,1733147194,425
1704,1733147195,425
1705,1733147196,425
1706,1733147197,425
1707,1733147198,425
1708,1733147199,425
1709,1733147200,425
1710,1733147201,425
1711,1733147202,425
1712,1733147203,425
1713,1733147204,425
1714,1733147205,425
1715,1733147206,425
1716,1733147207,425
1717,1733147208,425
1718,1733147209,425
1719,1733147210,425
1720,1733147211,425
1721,1733147212,427
1722,1733147213,425
1723,1733147214,425
1724,1733147215,425
1725,1733147216,425
1726,1733147217,425
1727,1733147218,425
1728,1733147219,425
1729,1733147220,425
1730,1733147221,425
1731,1733147222,425
1732,1733147223,425
1733,1733147224,425
1734,1733147225,425
1735,1733147226,425
1736,1733147227,425
1737,1733147228,425
1738,1733147229,425
1739,1733147230,425
1740,1733147231,425
1741,1733147232,425
1742,1733147233,425
1743,1733147234,425
1744,1733147235,425
1745,1733147236,425
1746,1733147237,425
1747,1733147238,425
1748,1733147239,425
1749,1733147240,425
1750,1733147241,425
1751,1733147242,425
1752,1733147243,425
1753,1733147244,425
1754,1733147245,425
1755,1733147246,425
1756,1733147247,425
1757,1733147248,425
1758,1733147249,425
1759,1733147250,425
1760,1733147251,425
1761,1733147252,425
1762,1733147253,425
1763,1733147254,425
1764,1733147255,425
1765,1733147256,425
1766,1733147257,425
1767,1733147258,425
1768,1733147259,425
1769,1733147260,425
1770,1733147261,425
1771,1733147262,425
1772,1733147263,425
1773,1733147264,425
1774,1733147265,425
1775,1733147266,425
1776,1733147267,425
1777,1733147268,425
1778,1733147269,425
1779,1733147270,425
1780,1733147271,425
1781,1733147272,425
1782,1733147273,425
1783,1733147274,421
1784,1733147275,421
1785,1733147276,421
1786,1733147277,421
1787,1733147278,421
1788,1733147279,421
1789,1733147280,421
1790,1733147281,421
1791,1733147282,422
1792,1733147283,422
1793,1733147284,422
1794,1733147285,422
1795,1733147286,422
1796,1733147287,422
1797,1733147288,422
1798,1733147289,422
1799,1733147290,422
1800,1733147291,422
1801,1733147292,422
1802,1733147293,422
1803,1733147294,422
1804,1733147295,422
1805,1733147296,422
1806,1733147297,422
1807,1733147298,422
1808,1733147299,422
1809,1733147300,422
1810,1733147301,422
1811,1733147302,422
1812,1733147303,422
1813,1733147304,422
1814,1733147305,422
1815,1733147306,422
1816,1733147307,422
1817,1733147308,422
1818,1733147309,422
1819,1733147310,422
1820,1733147311,422
1821,1733147312,422
1822,1733147313,422
1823,1733147314,422
1824,1733147315,422
1825,1733147316,422
1826,1733147317,422
1827,1733147318,422
1828,1733147319,422
1829,1733147320,422
1830,1733147321,422
1831,1733147322,422
1832,1733147323,421
1833,1733147324,421
1834,1733147325,420
1835,1733147326,420
1836,1733147327,420
1837,1733147328,420
1838,1733147329,420
1839,1733147330,420
1840,1733147331,420
1841,1733147332,420
1842,1733147333,420
1843,1733147334,420
1844,1733147335,420
1845,1733147336,420
1846,1733147337,420
1847,1733147338,420
1848,1733147339,420
1849,1733147340,420
1850,1733147341,420
1851,1733147342,420
1852,1733147343,420
1853,1733147344,420
1854,1733147345,420
1855,1733147346,420
1856,1733147347,420
1857,1733147348,420
1858,1733147349,420
1859,1733147350,420
1860,1733147351,420
1861,1733147352,420
1862,1733147353,420
1863,1733147354,420
1864,1733147355,420
1865,1733147356,420
1866,1733147357,421
1867,1733147358,421
1868,1733147359,421
1869,1733147360,421
1870,1733147361,421
1871,1733147362,421
1872,1733147363,421
1873,1733147364,421
1874,1733147365,421
1875,1733147366,421
1876,1733147367,421
1877,1733147368,421
1878,1733147369,421
1879,1733147370,421
1880,1733147371,421
1881,1733147372,421
1882,1733147373,421
1883,1733147374,421
1884,1733147375,421
1885,1733147376,421
1886,1733147377,422
1887,1733147378,423
1888,1733147379,423
1889,1733147380,423
1890,1733147381,423
1891,1733147382,423
1892,1733147383,423
1893,1733147384,424
1894,1733147385,424
1895,1733147386,424
1896,1733147387,424
1897,1733147388,425
1898,1733147389,425
1899,1733147390,425
1900,1733147391,425
1901,1733147392,425
1902,1733147393,425
1903,1733147394,425
1904,1733147395,425
1905,1733147396,425
1906,1733147397,425
1907,1733147398,425
1908,1733147399,425
1909,1733147400,425
1910,1733147401,425
1911,1733147402,425
1912,1733147403,425
1913,1733147404,425
1914,1733147405,425
1915,1733147406,425
1916,1733147407,425
1917,1733147408,425
1918,1733147409,425
1919,1733147410,425
1920,1733147411,425
1921,1733147412,425
1922,1733147413,425
1923,1733147414,425
1924,1733147415,425
1925,1733147416,425
1926,1733147417,425
1927,1733147418,425
1928,1733147419,425
1929,1733147420,425
1930,1733147421,425
1931,1733147422,425
1932,1733147423,425
1933,1733147424,425
1934,1733147425,425
1935,1733147426,425
1936,1733147427,425
1937,1733147428,425
1938,1733147429,425
1939,1733147430,425
1940,1733147431,425
1941,1733147432,425
1942,1733147433,425
1943,1733147434,425
1944,1733147435,425
1945,1733147436,425
1946,1733147437,425
1947,1733147438,425
1948,1733147439,425
1949,1733147440,425
1950,1733147441,425
1951,1733147442,425
1952,1733147443,425
1953,1733147444,425
1954,1733147445,425
1955,1733147446,425
1956,1733147447,425
1957,1733147448,425
1958,1733147449,425
1959,1733147450,425
1960,1733147451,425
1961,1733147452,425
1962,1733147453,425
1963,1733147454,424
1964,1733147455,424
1965,1733147456,424
1966,1733147457,424
1967,1733147458,424
1968,1733147459,424
1969,1733147460,424
1970,1733147461,424
1971,1733147462,424
1972,1733147463,424
1973,1733147464,424
1974,1733147465,424
1975,1733147466,424
1976,1733147467,424
1977,1733147468,424
1978,1733147469,424
1979,1733147470,424
1980,1733147471,424
1981,1733147472,424
1982,1733147473,424
1983,1733147474,424
1984,1733147475,424
1985,1733147476,424
1986,1733147477,424
1987,1733147478,424
1988,1733147479,424
1989,1733147480,424
1990,1733147481,424
1991,1733147482,424
1992,1733147483,424
1993,1733147484,424
1994,1733147485,424
1995,1733147486,424
1996,1733147487,424
1997,1733147488,424
1998,1733147489,424
1999,1733147490,424
2000,1733147491,424
2001,1733147492,424
2002,1733147493,424
2003,1733147494,424
2004,1733147495,424
2005,1733147496,424
2006,1733147497,424
2007,1733147498,424
2008,1733147499,424
2009,1733147500,424
2010,1733147501,424
2011,1733147502,424
2012,1733147503,424
2013,1733147504,424
2014,1733147505,424
2015,1733147506,424
2016,1733147507,424
2017,1733147508,424
2018,1733147509,424
2019,1733147510,424
2020,1733147511,424
2021,1733147512,424
2022,1733147513,424
2023,1733147514,424
2024,1733147515,424
2025,1733147516,427
2026,1733147517,424
2027,1733147518,424
2028,1733147519,424
2029,1733147520,424
2030,1733147521,424
2031,1733147522,424
2032,1733147523,424
2033,1733147524,424
2034,1733147525,424
2035,1733147526,424
2036,1733147527,424
2037,1733147528,424
2038,1733147529,424
2039,1733147530,424
2040,1733147531,424
2041,1733147532,424
2042,1733147533,424
2043,1733147534,424
2044,1733147535,424
2045,1733147536,424
2046,1733147537,424
2047,1733147538,424
2048,1733147539,424
2049,1733147540,424
2050,1733147541,425
2051,1733147542,427
2052,1733147543,425
2053,1733147544,425
2054,1733147545,425
2055,1733147546,425
2056,1733147547,425
2057,1733147548,425
2058,1733147549,425
2059,1733147550,425
2060,1733147551,425
2061,1733147552,425
2062,1733147553,425
2063,1733147554,425
2064,1733147555,425
2065,1733147556,425
2066,1733147557,425
2067,1733147558,425
2068,1733147559,425
2069,1733147560,425
2070,1733147561,425
2071,1733147562,425
2072,1733147563,425
2073,1733147564,425
2074,1733147565,425
2075,1733147566,425
2076,1733147567,425
2077,1733147568,425
2078,1733147569,425
2079,1733147570,425
2080,1733147571,425
2081,1733147572,425
2082,1733147573,425
2083,1733147574,425
2084,1733147575,425
2085,1733147576,425
2086,1733147577,425
2087,1733147578,425
2088,1733147579,425
2089,1733147580,425
2090,1733147581,425
2091,1733147582,425
2092,1733147583,425
2093,1733147584,425
2094,1733147585,424
2095,1733147586,424
2096,1733147587,424
2097,1733147588,424
2098,1733147589,424
2099,1733147590,424
2100,1733147591,424
2101,1733147592,424
2102,1733147593,424
2103,1733147594,424
2104,1733147595,424
2105,1733147596,424
2106,1733147597,424
2107,1733147598,425
2108,1733147599,425
2109,1733147600,425
2110,1733147601,425
2111,1733147602,425
2112,1733147603,425
2113,1733147604,425
2114,1733147605,425
2115,1733147606,425
2116,1733147607,425
2117,1733147608,425
2118,1733147609,425
2119,1733147610,425
2120,1733147611,425
2121,1733147612,425
2122,1733147613,425
2123,1733147614,424
2124,1733147615,424
2125,1733147616,424
2126,1733147617,424
2127,1733147618,424
2128,1733147619,425
2129,1733147620,425
2130,1733147621,425
2131,1733147622,425
2132,1733147623,425
2133,1733147624,425
2134,1733147625,425
2135,1733147626,425
2136,1733147627,425
2137,1733147628,425
2138,1733147629,425
2139,1733147630,425
2140,1733147631,425
2141,1733147632,425
2142,1733147633,425
2143,1733147634,425
2144,1733147635,425
2145,1733147636,425
2146,1733147637,425
2147,1733147638,425
2148,1733147639,425
2149,1733147640,425
2150,1733147641,425
2151,1733147642,425
2152,1733147643,425
2153,1733147644,425
2154,1733147645,425
2155,1733147646,425
2156,1733147647,425
2157,1733147648,425
2158,1733147649,425
2159,1733147650,425
2160,1733147651,425
2161,1733147652,425
2162,1733147653,425
2163,1733147654,425
2164,1733147655,425
2165,1733147656,425
2166,1733147657,425
2167,1733147658,425
2168,1733147659,425
2169,1733147660,425
2170,1733147661,425
2171,1733147662,425
2172,1733147663,425
2173,1733147664,425
2174,1733147665,425
2175,1733147666,425
2176,1733147667,425
2177,1733147668,425
2178,1733147669,425
2179,1733147670,425
2180,1733147671,425
2181,1733147672,425
2182,1733147673,425
2183,1733147674,425
2184,1733147675,425
2185,1733147676,426
2186,1733147677,426
2187,1733147678,426
2188,1733147679,426
2189,1733147680,426
2190,1733147681,426
2191,1733147682,426
2192,1733147683,426
2193,1733147684,424
2194,1733147685,424
2195,1733147686,423
2196,1733147687,423
2197,1733147688,423
2198,1733147689,423
2199,1733147690,423
2200,1733147691,423
2201,1733147692,423
2202,1733147693,423
2203,1733147694,423
2204,1733147695,423
2205,1733147696,423
2206,1733147697,423
2207,1733147698,423
2208,1733147699,423
2209,1733147700,422
2210,1733147701,422
2211,1733147702,422
2212,1733147703,422
2213,1733147704,422
2214,1733147705,422
2215,1733147706,422
2216,1733147707,422
2217,1733147708,422
2218,1733147709,422
2219,1733147710,422
2220,1733147711,422
2221,1733147712,422
2222,1733147713,422
2223,1733147714,422
2224,1733147715,422
2225,1733147716,422
2226,1733147717,422
2227,1733147718,422
2228,1733147719,422
2229,1733147720,422
2230,1733147721,422
2231,1733147722,422
2232,1733147723,422
2233,1733147724,425
2234,1733147725,422
2235,1733147726,422
2236,1733147727,422
2237,1733147728,422
2238,1733147729,422
2239,1733147730,422
2240,1733147731,422
2241,1733147732,422
2242,1733147733,422
2243,1733147734,422
2244,1733147735,422
2245,1733147736,422
2246,1733147737,422
2247,1733147738,422
2248,1733147739,422
2249,1733147740,422
2250,1733147741,422
2251,1733147742,422
2252,1733147743,422
2253,1733147744,422
2254,1733147745,422
2255,1733147746,422
2256,1733147747,422
2257,1733147748,422
2258,1733147749,422
2259,1733147750,422
2260,1733147751,422
2261,1733147752,422
2262,1733147753,422
2263,1733147754,422
2264,1733147755,422
2265,1733147756,422
2266,1733147757,422
2267,1733147758,422
2268,1733147759,422
2269,1733147760,422
2270,1733147761,422
2271,1733147762,422
2272,1733147763,422
2273,1733147764,422
2274,1733147765,422
2275,1733147766,422
2276,1733147767,422
2277,1733147768,422
2278,1733147769,422
2279,1733147770,422
2280,1733147771,422
2281,1733147772,422
2282,1733147773,422
2283,1733147774,422
2284,1733147775,422
2285,1733147776,422
2286,1733147777,422
2287,1733147778,422
2288,1733147779,422
2289,1733147780,422
2290,1733147781,422
2291,1733147782,422
2292,1733147783,422
2293,1733147784,422
2294,1733147785,422
2295,1733147786,422
2296,1733147787,422
2297,1733147788,422
2298,1733147789,422
2299,1733147790,421
2300,1733147791,421
2301,1733147792,421
2302,1733147793,421
2303,1733147794,422
2304,1733147795,423
2305,1733147796,423
2306,1733147797,423
2307,1733147798,423
2308,1733147799,423
2309,1733147800,423
2310,1733147801,423
2311,1733147802,423
2312,1733147803,423
2313,1733147804,423
2314,1733147805,423
2315,1733147806,423
2316,1733147807,423
2317,1733147808,423
2318,1733147809,423
2319,1733147810,423
2320,1733147811,423
2321,1733147812,423
2322,1733147813,423
2323,1733147814,423
2324,1733147815,423
2325,1733147816,423
2326,1733147817,423
2327,1733147818,423
2328,1733147819,423
2329,1733147820,423
2330,1733147821,423
2331,1733147822,423
2332,1733147823,423
2333,1733147824,423
2334,1733147825,423
2335,1733147826,423
2336,1733147827,423
2337,1733147828,423
2338,1733147829,423
2339,1733147830,423
2340,1733147831,423
2341,1733147832,423
2342,1733147833,423
2343,1733147834,423
2344,1733147835,423
2345,1733147836,423
2346,1733147837,423
2347,1733147838,423
2348,1733147839,423
2349,1733147840,423
2350,1733147841,423
2351,1733147842,423
2352,1733147843,423
2353,1733147844,423
2354,1733147845,423
2355,1733147846,423
2356,1733147847,423
2357,1733147848,422
2358,1733147849,422
2359,1733147850,423
2360,1733147851,423
2361,1733147852,423
2362,1733147853,423
2363,1733147854,423
2364,1733147855,423
2365,1733147856,423
2366,1733147857,423
2367,1733147858,423
2368,1733147859,423
2369,1733147860,423
2370,1733147861,423
2371,1733147862,423
2372,1733147863,423
2373,1733147864,423
2374,1733147865,423
2375,1733147866,423
2376,1733147867,423
2377,1733147868,423
2378,1733147869,424
2379,1733147870,424
2380,1733147871,424
2381,1733147872,424
2382,1733147873,424
2383,1733147874,424
2384,1733147875,424
2385,1733147876,424
2386,1733147877,424
2387,1733147878,424
2388,1733147879,424
2389,1733147880,425
2390,1733147881,425
2391,1733147882,425
2392,1733147883,425
2393,1733147884,425
2394,1733147885,425
2395,1733147886,425
2396,1733147887,425
2397,1733147888,425
2398,1733147889,425
2399,1733147890,425
2400,1733147891,425
2401,1733147892,425
2402,1733147893,425
2403,1733147894,425
2404,1733147895,425
2405,1733147896,425
2406,1733147897,425
2407,1733147898,425
2408,1733147899,425
2409,1733147900,425
2410,1733147901,425
2411,1733147902,425
2412,1733147903,425
2413,1733147904,425
2414,1733147905,425
2415,1733147906,425
2416,1733147907,425
2417,1733147908,425
2418,1733147909,425
2419,1733147910,425
2420,1733147911,425
2421,1733147912,425
2422,1733147913,425
2423,1733147914,425
2424,1733147915,425
2425,1733147916,425
2426,1733147917,425
2427,1733147918,425
2428,1733147919,425
2429,1733147920,425
2430,1733147921,425
2431,1733147922,425
2432,1733147923,425
2433,1733147924,425
2434,1733147925,425
2435,1733147926,425
2436,1733147927,425
2437,1733147928,425
2438,1733147929,425
2439,1733147930,424
2440,1733147931,424
2441,1733147932,424
2442,1733147933,424
2443,1733147934,424
2444,1733147935,424
2445,1733147936,424
2446,1733147937,424
2447,1733147938,424
2448,1733147939,424
2449,1733147940,424
2450,1733147941,424
2451,1733147942,424
2452,1733147943,424
2453,1733147944,424
2454,1733147945,424
2455,1733147946,424
2456,1733147947,424
2457,1733147948,424
2458,1733147949,424
2459,1733147950,424
2460,1733147951,425
2461,1733147952,425
2462,1733147953,425
2463,1733147954,425
2464,1733147955,425
2465,1733147956,425
2466,1733147957,425
2467,1733147958,425
2468,1733147959,425
2469,1733147960,425
2470,1733147961,425
2471,1733147962,425
2472,1733147963,425
2473,1733147964,425
2474,1733147965,425
2475,1733147966,425
2476,1733147967,425
2477,1733147968,425
2478,1733147969,425
2479,1733147970,425
2480,1733147971,425
2481,1733147972,425
2482,1733147973,425
2483,1733147974,425
2484,1733147975,425
2485,1733147976,425
2486,1733147977,425
2487,1733147978,425
2488,1733147979,424
2489,1733147980,424
2490,1733147981,424
2491,1733147982,424
2492,1733147983,424
2493,1733147984,424
2494,1733147985,425
2495,1733147986,425
2496,1733147987,425
2497,1733147988,425
2498,1733147989,425
2499,1733147990,425
2500,1733147991,425
2501,1733147992,425
2502,1733147993,425
2503,1733147994,425
2504,1733147995,425
2505,1733147996,425
2506,1733147997,425
2507,1733147998,425
2508,1733147999,425
2509,1733148000,425
2510,1733148001,425
2511,1733148002,425
2512,1733148003,425
2513,1733148004,425
2514,1733148005,425
2515,1733148006,425
2516,1733148007,425
2517,1733148008,425
2518,1733148009,425
2519,1733148010,428
2520,1733148011,425
2521,1733148012,425
2522,1733148013,425
2523,1733148014,425
2524,1733148015,425
2525,1733148016,425
2526,1733148017,425
2527,1733148018,425
2528,1733148019,425
2529,1733148020,425
2530,1733148021,425
2531,1733148022,425
2532,1733148023,425
2533,1733148024,425
2534,1733148025,425
2535,1733148026,425
2536,1733148027,425
2537,1733148028,425
2538,1733148029,425
2539,1733148030,425
2540,1733148031,425
2541,1733148032,425
2542,1733148033,425
2543,1733148034,425
2544,1733148035,425
2545,1733148036,425
2546,1733148037,425
2547,1733148038,425
2548,1733148039,425
2549,1733148040,425
2550,1733148041,425
2551,1733148042,425
2552,1733148043,425
2553,1733148044,425
2554,1733148045,425
2555,1733148046,425
2556,1733148047,425
2557,1733148048,425
2558,1733148049,425
2559,1733148050,425
2560,1733148051,425
2561,1733148052,425
2562,1733148053,425
2563,1733148054,425
2564,1733148055,425
2565,1733148056,425
2566,1733148057,425
2567,1733148058,426
2568,1733148059,426
2569,1733148060,426
2570,1733148061,426
2571,1733148062,426
2572,1733148063,426
2573,1733148064,426
2574,1733148065,426
2575,1733148066,426
2576,1733148067,426
2577,1733148068,426
2578,1733148069,426
2579,1733148070,426
2580,1733148071,426
2581,1733148072,426
2582,1733148073,426
2583,1733148074,426
2584,1733148075,426
2585,1733148076,426
2586,1733148077,426
2587,1733148078,426
2588,1733148079,426
2589,1733148080,426
2590,1733148081,426
2591,1733148082,426
2592,1733148083,426
2593,1733148084,426
2594,1733148085,426
2595,1733148086,426
2596,1733148087,426
2597,1733148088,426
2598,1733148089,426
2599,1733148090,426
2600,1733148091,426
2601,1733148092,426
2602,1733148093,426
2603,1733148094,426
2604,1733148095,426
2605,1733148096,426
2606,1733148097,426
2607,1733148098,426
2608,1733148099,426
2609,1733148100,426
2610,1733148101,426
2611,1733148102,426
2612,1733148103,426
2613,1733148104,426
2614,1733148105,426
2615,1733148106,426
2616,1733148107,426
2617,1733148108,426
2618,1733148109,426
2619,1733148110,424
2620,1733148111,424
2621,1733148112,424
2622,1733148113,424
2623,1733148114,426
2624,1733148115,426
2625,1733148116,426
2626,1733148117,426
2627,1733148118,426
2628,1733148119,426
2629,1733148120,426
2630,1733148121,426
2631,1733148122,426
2632,1733148123,426
2633,1733148124,426
2634,1733148125,426
2635,1733148126,425
2636,1733148127,426
2637,1733148128,426
2638,1733148129,426
2639,1733148130,426
2640,1733148131,426
2641,1733148132,426
2642,1733148133,426
2643,1733148134,426
2644,1733148135,426
2645,1733148136,426
2646,1733148137,426
2647,1733148138,426
2648,1733148139,426
2649,1733148140,426
2650,1733148141,426
2651,1733148142,426
2652,1733148143,426
2653,1733148144,426
2654,1733148145,426
2655,1733148146,426
2656,1733148147,426
2657,1733148148,426
2658,1733148149,426
2659,1733148150,426
2660,1733148151,426
2661,1733148152,426
2662,1733148153,426
2663,1733148154,426
2664,1733148155,426
2665,1733148156,426
2666,1733148157,426
2667,1733148158,426
2668,1733148159,425
2669,1733148160,426
2670,1733148161,426
2671,1733148162,426
2672,1733148163,426
2673,1733148164,426
2674,1733148165,426
2675,1733148166,426
2676,1733148167,426
2677,1733148168,426
2678,1733148169,426
2679,1733148170,426
2680,1733148171,426
2681,1733148172,426
2682,1733148173,426
2683,1733148174,426
2684,1733148175,425
2685,1733148176,425
2686,1733148177,425
2687,1733148178,425
2688,1733148179,425
2689,1733148180,425
2690,1733148181,425
2691,1733148182,425
2692,1733148183,425
2693,1733148184,425
2694,1733148185,425
2695,1733148186,425
2696,1733148187,425
2697,1733148188,425
2698,1733148189,425
2699,1733148190,425
2700,1733148191,425
2701,1733148192,424
2702,1733148193,424
2703,1733148194,424
2704,1733148195,424
2705,1733148196,424
2706,1733148197,424
2707,1733148198,425
2708,1733148199,425
2709,1733148200,425
2710,1733148201,425
2711,1733148202,425
2712,1733148203,425
2713,1733148204,425
2714,1733148205,425
2715,1733148206,425
2716,1733148207,425
2717,1733148208,425
2718,1733148209,425
2719,1733148210,425
2720,1733148211,425
2721,1733148212,425
2722,1733148213,425
2723,1733148214,424
2724,1733148215,424
2725,1733148216,424
2726,1733148217,424
2727,1733148218,424
2728,1733148219,424
2729,1733148220,424
2730,1733148221,424
2731,1733148222,424
2732,1733148223,424
2733,1733148224,424
2734,1733148225,424
2735,1733148226,424
2736,1733148227,424
2737,1733148228,424
2738,1733148229,424
2739,1733148230,424
2740,1733148231,424
2741,1733148232,424
2742,1733148233,424
2743,1733148234,424
2744,1733148235,424
2745,1733148236,424
2746,1733148237,425
2747,1733148238,425
2748,1733148239,425
2749,1733148240,425
2750,1733148241,425
2751,1733148242,425
2752,1733148243,425
2753,1733148244,425
2754,1733148245,425
2755,1733148246,425
2756,1733148247,425
2757,1733148248,425
2758,1733148249,425
2759,1733148250,425
2760,1733148251,425
2761,1733148252,425
2762,1733148253,425
2763,1733148254,425
2764,1733148255,425
2765,1733148256,425
2766,1733148257,424
2767,1733148258,424
2768,1733148259,424
2769,1733148260,425
2770,1733148261,425
2771,1733148262,424
2772,1733148263,427
2773,1733148264,425
2774,1733148265,425
2775,1733148266,425
2776,1733148267,425
2777,1733148268,425
2778,1733148269,425
2779,1733148270,428
2780,1733148271,425
2781,1733148272,425
2782,1733148273,425
2783,1733148274,425
2784,1733148275,425
2785,1733148276,425
2786,1733148277,425
2787,1733148278,425
2788,1733148279,425
2789,1733148280,425
2790,1733148281,425
2791,1733148282,425
2792,1733148283,426
2793,1733148284,426
2794,1733148285,426
2795,1733148286,426
2796,1733148287,426
2797,1733148288,426
2798,1733148289,426
2799,1733148290,425
2800,1733148291,426
2801,1733148292,426
2802,1733148293,426
2803,1733148294,426
2804,1733148295,426
2805,1733148296,426
2806,1733148297,426
2807,1733148298,426
2808,1733148299,426
2809,1733148300,426
2810,1733148301,426
2811,1733148302,426
2812,1733148303,426
2813,1733148304,426
2814,1733148305,426
2815,1733148306,426
2816,1733148307,426
2817,1733148308,426
2818,1733148309,426
2819,1733148310,426
2820,1733148311,426
2821,1733148312,426
2822,1733148313,426
2823,1733148314,426
2824,1733148315,426
2825,1733148316,426
2826,1733148317,426
2827,1733148318,426
2828,1733148319,426
2829,1733148320,426
2830,1733148321,426
2831,1733148322,426
2832,1733148323,426
2833,1733148324,426
2834,1733148325,426
2835,1733148326,426
2836,1733148327,426
2837,1733148328,426
2838,1733148329,426
2839,1733148330,426
2840,1733148331,426
2841,1733148332,426
2842,1733148333,426
2843,1733148334,426
2844,1733148335,426
2845,1733148336,426
2846,1733148337,426
2847,1733148338,426
2848,1733148339,426
2849,1733148340,426
2850,1733148341,426
2851,1733148342,426
2852,1733148343,426
2853,1733148344,426
2854,1733148345,426
2855,1733148346,426
2856,1733148347,426
2857,1733148348,426
2858,1733148349,426
2859,1733148350,426
2860,1733148351,426
2861,1733148352,426
2862,1733148353,426
2863,1733148354,426
2864,1733148355,426
2865,1733148356,426
2866,1733148357,426
2867,1733148358,426
2868,1733148359,426
2869,1733148360,426
2870,1733148361,426
2871,1733148362,426
2872,1733148363,426
2873,1733148364,426
2874,1733148365,426
2875,1733148366,426
2876,1733148367,426
2877,1733148368,426
2878,1733148369,426
2879,1733148370,426
2880,1733148371,426
2881,1733148372,426
2882,1733148373,426
2883,1733148374,426
2884,1733148375,426
2885,1733148376,426
2886,1733148377,426
2887,1733148378,426
2888,1733148379,426
2889,1733148380,426
2890,1733148381,426
2891,1733148382,426
2892,1733148383,426
2893,1733148384,426
2894,1733148385,426
2895,1733148386,426
2896,1733148387,426
2897,1733148388,426
2898,1733148389,426
2899,1733148390,426
2900,1733148391,426
2901,1733148392,426
2902,1733148393,426
2903,1733148394,426
2904,1733148395,426
2905,1733148396,426
2906,1733148397,426
2907,1733148398,426
2908,1733148399,426
2909,1733148400,426
2910,1733148401,426
2911,1733148402,426
2912,1733148403,426
2913,1733148404,426
2914,1733148405,426
2915,1733148406,426
2916,1733148407,426
2917,1733148408,426
2918,1733148409,426
2919,1733148410,426
2920,1733148411,426
2921,1733148412,426
2922,1733148413,426
2923,1733148414,426
2924,1733148415,426
2925,1733148416,426
2926,1733148417,426
2927,1733148418,426
2928,1733148419,426
2929,1733148420,426
2930,1733148421,424
2931,1733148422,424
2932,1733148423,424
2933,1733148424,424
2934,1733148425,424
2935,1733148426,425
2936,1733148427,425
2937,1733148428,425
2938,1733148429,425
2939,1733148430,425
2940,1733148431,425
2941,1733148432,425
2942,1733148433,425
2943,1733148434,425
2944,1733148435,426
2945,1733148436,425
2946,1733148437,424
2947,1733148438,425
2948,1733148439,425
2949,1733148440,425
2950,1733148441,425
2951,1733148442,425
2952,1733148443,425
2953,1733148444,425
2954,1733148445,425
2955,1733148446,425
2956,1733148447,425
2957,1733148448,425
2958,1733148449,425
2959,1733148450,425
2960,1733148451,425
2961,1733148452,425
2962,1733148453,425
2963,1733148454,425
2964,1733148455,425
2965,1733148456,425
2966,1733148457,426
2967,1733148458,426
2968,1733148459,426
2969,1733148460,426
2970,1733148461,426
2971,1733148462,426
2972,1733148463,426
2973,1733148464,426
2974,1733148465,426
2975,1733148466,426
2976,1733148467,426
2977,1733148468,426
2978,1733148469,426
2979,1733148470,425
2980,1733148471,425
2981,1733148472,425
2982,1733148473,426
2983,1733148474,426
2984,1733148475,426
2985,1733148476,426
2986,1733148477,426
2987,1733148478,426
2988,1733148479,426
2989,1733148480,426
2990,1733148481,426
2991,1733148482,426
2992,1733148483,426
2993,1733148484,426
2994,1733148485,426
2995,1733148486,426
2996,1733148487,426
2997,1733148488,426
2998,1733148489,426
2999,1733148490,426
3000,1733148491,426
3001,1733148492,426
3002,1733148493,426
3003,1733148494,426
3004,1733148495,426
3005,1733148496,426
3006,1733148497,426
3007,1733148498,426
3008,1733148499,426
3009,1733148500,426
3010,1733148501,426
3011,1733148502,426
3012,1733148503,426
3013,1733148504,426
3014,1733148505,426
3015,1733148506,426
3016,1733148507,426
3017,1733148508,426
3018,1733148509,426
3019,1733148510,426
3020,1733148511,426
3021,1733148512,426
3022,1733148513,426
3023,1733148514,426
3024,1733148515,426
3025,1733148516,426
3026,1733148517,426
3027,1733148518,426
3028,1733148519,426
3029,1733148520,426
3030,1733148521,426
3031,1733148522,426
3032,1733148523,426
3033,1733148524,426
3034,1733148525,426
3035,1733148526,426
3036,1733148527,426
3037,1733148528,426
3038,1733148529,426
3039,1733148530,426
3040,1733148531,426
3041,1733148532,426
3042,1733148533,426
3043,1733148534,426
3044,1733148535,426
3045,1733148536,426
3046,1733148537,426
3047,1733148538,426
3048,1733148539,426
3049,1733148540,426
3050,1733148541,426
3051,1733148542,426
3052,1733148543,426
3053,1733148544,426
3054,1733148545,426
3055,1733148546,426
3056,1733148547,426
3057,1733148548,426
3058,1733148549,426
3059,1733148550,426
3060,1733148551,426
3061,1733148552,425
3062,1733148553,425
3063,1733148554,425
3064,1733148555,425
3065,1733148556,425
3066,1733148557,425
3067,1733148558,425
3068,1733148559,425
3069,1733148560,425
3070,1733148561,425
3071,1733148562,425
3072,1733148563,425
3073,1733148564,425
3074,1733148565,425
3075,1733148566,425
3076,1733148567,425
3077,1733148568,425
3078,1733148569,425
3079,1733148570,425
3080,1733148571,425
3081,1733148572,425
3082,1733148573,425
3083,1733148574,425
3084,1733148575,425
3085,1733148576,425
3086,1733148577,425
3087,1733148578,425
3088,1733148579,425
3089,1733148580,425
3090,1733148581,425
3091,1733148582,425
3092,1733148583,425
3093,1733148584,425
3094,1733148585,424
3095,1733148586,424
3096,1733148587,424
3097,1733148588,424
3098,1733148589,424
3099,1733148590,424
3100,1733148591,424
3101,1733148592,424
3102,1733148593,424
3103,1733148594,425
3104,1733148595,425
3105,1733148596,425
3106,1733148597,425
3107,1733148598,425
3108,1733148599,425
3109,1733148600,425
3110,1733148601,424
3111,1733148602,424
3112,1733148603,424
3113,1733148604,424
3114,1733148605,424
3115,1733148606,424
3116,1733148607,424
3117,1733148608,424
3118,1733148609,424
3119,1733148610,424
3120,1733148611,424
3121,1733148612,424
3122,1733148613,424
3123,1733148614,424
3124,1733148615,424
3125,1733148616,424
3126,1733148617,424
3127,1733148618,424
3128,1733148619,424
3129,1733148620,424
3130,1733148621,424
3131,1733148622,424
3132,1733148623,424
3133,1733148624,424
3134,1733148625,424
3135,1733148626,424
3136,1733148627,424
3137,1733148628,424
3138,1733148629,424
3139,1733148630,424
3140,1733148631,424
3141,1733148632,424
3142,1733148633,424
3143,1733148634,424
3144,1733148635,424
3145,1733148636,424
3146,1733148637,424
3147,1733148638,424
3148,1733148639,424
3149,1733148640,424
3150,1733148641,424
3151,1733148642,424
3152,1733148643,424
3153,1733148644,425
3154,1733148645,425
3155,1733148646,425
3156,1733148647,425
3157,1733148648,425
3158,1733148649,425
3159,1733148650,425
3160,1733148651,425
3161,1733148652,425
3162,1733148653,425
3163,1733148654,425
3164,1733148655,425
3165,1733148656,425
3166,1733148657,425
3167,1733148658,425
3168,1733148659,425
3169,1733148660,425
3170,1733148661,425
3171,1733148662,425
3172,1733148663,425
3173,1733148664,425
3174,1733148665,425
3175,1733148666,425
3176,1733148667,425
3177,1733148668,425
3178,1733148669,425
3179,1733148670,425
3180,1733148671,425
3181,1733148672,425
3182,1733148673,425
3183,1733148674,425
3184,1733148675,425
3185,1733148676,425
3186,1733148677,425
3187,1733148678,425
3188,1733148679,425
3189,1733148680,425
3190,1733148681,425
3191,1733148682,425
3192,1733148683,425
3193,1733148684,425
3194,1733148685,425
3195,1733148686,425
3196,1733148687,425
3197,1733148688,425
3198,1733148689,425
3199,1733148690,425
3200,1733148691,425
3201,1733148692,425
3202,1733148693,425
3203,1733148694,425
3204,1733148695,425
3205,1733148696,425
3206,1733148697,425
3207,1733148698,425
3208,1733148699,425
3209,1733148700,425
3210,1733148701,425
3211,1733148702,425
3212,1733148703,425
3213,1733148704,425
3214,1733148705,425
3215,1733148706,425
3216,1733148707,425
3217,1733148708,425
3218,1733148709,425
3219,1733148710,425
3220,1733148711,425
3221,1733148712,425
3222,1733148713,425
3223,1733148714,425
3224,1733148715,425
3225,1733148716,425
3226,1733148717,425
3227,1733148718,425
3228,1733148719,425
3229,1733148720,425
3230,1733148721,425
3231,1733148722,425
3232,1733148723,425
3233,1733148724,425
3234,1733148725,425
3235,1733148726,425
3236,1733148727,425
3237,1733148728,425
3238,1733148729,425
3239,1733148730,425
3240,1733148731,425
3241,1733148732,424
3242,1733148733,424
3243,1733148734,424
3244,1733148735,424
3245,1733148736,424
3246,1733148737,424
3247,1733148738,424
3248,1733148739,424
3249,1733148740,424
3250,1733148741,424
3251,1733148742,424
3252,1733148743,424
3253,1733148744,424
3254,1733148745,424
3255,1733148746,424
3256,1733148747,426
3257,1733148748,427
3258,1733148749,427
3259,1733148750,427
3260,1733148751,427
3261,1733148752,427
3262,1733148753,427
3263,1733148754,427
3264,1733148755,427
3265,1733148756,427
3266,1733148757,427
3267,1733148758,427
3268,1733148759,427
3269,1733148760,427
3270,1733148761,427
3271,1733148762,427
3272,1733148763,425
3273,1733148764,425
3274,1733148765,424
3275,1733148766,424
3276,1733148767,424
3277,1733148768,424
3278,1733148769,424
3279,1733148770,424
3280,1733148771,424
3281,1733148772,424
3282,1733148773,424
3283,1733148774,424
3284,1733148775,424
3285,1733148776,424
3286,1733148777,424
3287,1733148778,424
3288,1733148779,424
3289,1733148780,425
3290,1733148781,424
3291,1733148782,424
3292,1733148783,424
3293,1733148784,424
3294,1733148785,424
3295,1733148786,424
3296,1733148787,424
3297,1733148788,424
3298,1733148789,424
3299,1733148790,424
3300,1733148791,424
3301,1733148792,424
3302,1733148793,424
3303,1733148794,424
3304,1733148795,424
3305,1733148796,424
3306,1733148797,424
3307,1733148798,425
3308,1733148799,425
3309,1733148800,425
3310,1733148801,425
3311,1733148802,425
3312,1733148803,425
3313,1733148804,425
3314,1733148805,425
3315,1733148806,425
3316,1733148807,425
3317,1733148808,425
3318,1733148809,425
3319,1733148810,425
3320,1733148811,425
3321,1733148812,425
3322,1733148813,425
3323,1733148814,424
3324,1733148815,424
3325,1733148816,424
3326,1733148817,424
3327,1733148818,424
3328,1733148819,424
3329,1733148820,424
3330,1733148821,424
3331,1733148822,424
3332,1733148823,424
3333,1733148824,424
3334,1733148825,424
3335,1733148826,424
3336,1733148827,424
3337,1733148828,424
3338,1733148829,424
3339,1733148830,424
3340,1733148831,424
3341,1733148832,424
3342,1733148833,424
3343,1733148834,424
3344,1733148835,424
3345,1733148836,424
3346,1733148837,424
3347,1733148838,424
3348,1733148839,424
3349,1733148840,424
3350,1733148841,424
3351,1733148842,424
3352,1733148843,424
3353,1733148844,424
3354,1733148845,424
3355,1733148846,424
3356,1733148847,424
3357,1733148848,424
3358,1733148849,424
3359,1733148850,424
3360,1733148851,424
3361,1733148852,424
3362,1733148853,424
3363,1733148854,424
3364,1733148855,424
3365,1733148856,424
3366,1733148857,424
3367,1733148858,424
3368,1733148859,424
3369,1733148860,424
3370,1733148861,424
3371,1733148862,424
3372,1733148863,424
3373,1733148864,424
3374,1733148865,424
3375,1733148866,424
3376,1733148867,424
3377,1733148868,424
3378,1733148869,424
3379,1733148870,424
3380,1733148871,424
3381,1733148872,424
3382,1733148873,424
3383,1733148874,424
3384,1733148875,424
3385,1733148876,424
3386,1733148877,424
3387,1733148878,424
3388,1733148879,424
3389,1733148880,423
3390,1733148881,423
3391,1733148882,423
3392,1733148883,423
3393,1733148884,423
3394,1733148885,423
3395,1733148886,423
3396,1733148887,423
3397,1733148888,423
3398,1733148889,423
3399,1733148890,423
3400,1733148891,423
3401,1733148892,423
3402,1733148893,423
3403,1733148894,422
3404,1733148895,422
3405,1733148896,422
3406,1733148897,422
3407,1733148898,422
3408,1733148899,422
3409,1733148900,422
3410,1733148901,422
3411,1733148902,422
3412,1733148903,422
3413,1733148904,422
3414,1733148905,422
3415,1733148906,422
3416,1733148907,422
3417,1733148908,422
3418,1733148909,422
3419,1733148910,423
3420,1733148911,423
3421,1733148912,423
3422,1733148913,423
3423,1733148914,423
3424,1733148915,423
3425,1733148916,423
3426,1733148917,423
3427,1733148918,423
3428,1733148919,423
3429,1733148920,423
3430,1733148921,423
3431,1733148922,423
3432,1733148923,423
3433,1733148924,423
3434,1733148925,423
3435,1733148926,423
3436,1733148927,423
3437,1733148928,423
3438,1733148929,423
3439,1733148930,423
3440,1733148931,423
3441,1733148932,423
3442,1733148933,423
3443,1733148934,423
3444,1733148935,423
3445,1733148936,423
3446,1733148937,423
3447,1733148938,423
3448,1733148939,423
3449,1733148940,423
3450,1733148941,423
3451,1733148942,423
3452,1733148943,423
3453,1733148944,423
3454,1733148945,422
3455,1733148946,422
3456,1733148947,422
3457,1733148948,422
3458,1733148949,422
3459,1733148950,422
3460,1733148951,422
3461,1733148952,422
3462,1733148953,422
3463,1733148954,422
3464,1733148955,422
3465,1733148956,422
3466,1733148957,422
3467,1733148958,423
3468,1733148959,423
3469,1733148960,423
3470,1733148961,423
3471,1733148962,423
3472,1733148963,423
3473,1733148964,423
3474,1733148965,423
3475,1733148966,423
3476,1733148967,423
3477,1733148968,423
3478,1733148969,423
3479,1733148970,423
3480,1733148971,423
3481,1733148972,423
3482,1733148973,423
3483,1733148974,423
3484,1733148975,423
3485,1733148976,423
3486,1733148977,423
3487,1733148978,423
3488,1733148979,423
3489,1733148980,423
3490,1733148981,423
3491,1733148982,423
3492,1733148983,423
3493,1733148984,423
3494,1733148985,423
3495,1733148986,423
3496,1733148987,423
3497,1733148988,423
3498,1733148989,423
3499,1733148990,423
3500,1733148991,423
3501,1733148992,423
3502,1733148993,423
3503,1733148994,423
3504,1733148995,423
3505,1733148996,423
3506,1733148997,423
3507,1733148998,423
3508,1733148999,423
3509,1733149000,423
3510,1733149001,423
3511,1733149002,423
3512,1733149003,423
3513,1733149004,423
3514,1733149005,423
3515,1733149006,423
3516,1733149007,423
3517,1733149008,423
3518,1733149009,423
3519,1733149010,424
3520,1733149011,424
3521,1733149012,424
3522,1733149013,424
3523,1733149014,424
3524,1733149015,424
3525,1733149016,424
3526,1733149017,424
3527,1733149018,424
3528,1733149019,424
3529,1733149020,424
3530,1733149021,424
3531,1733149022,424
3532,1733149023,424
3533,1733149024,424
3534,1733149025,424
3535,1733149026,425
3536,1733149027,425
3537,1733149028,426
3538,1733149029,426
3539,1733149030,426
3540,1733149031,426
3541,1733149032,426
3542,1733149033,426
3543,1733149034,426
3544,1733149035,426
3545,1733149036,426
3546,1733149037,426
3547,1733149038,426
3548,1733149039,426
3549,1733149040,426
3550,1733149041,426
3551,1733149042,426
3552,1733149043,426
3553,1733149044,426
3554,1733149045,426
3555,1733149046,426
3556,1733149047,426
3557,1733149048,426
3558,1733149049,426
3559,1733149050,426
3560,1733149051,427
3561,1733149052,426
3562,1733149053,426
3563,1733149054,426
3564,1733149055,426
3565,1733149056,426
3566,1733149057,426
3567,1733149058,426
3568,1733149059,426
3569,1733149060,425
3570,1733149061,425
3571,1733149062,425
3572,1733149063,425
3573,1733149064,425
3574,1733149065,425
3575,1733149066,425
3576,1733149067,425
3577,1733149068,425
3578,1733149069,425
3579,1733149070,425
3580,1733149071,425
3581,1733149072,425
3582,1733149073,425
3583,1733149074,425
3584,1733149075,425
3585,1733149076,425
3586,1733149077,425
3587,1733149078,425
3588,1733149079,426
3589,1733149080,426
3590,1733149081,426
3591,1733149082,426
3592,1733149083,426
3593,1733149084,426
3594,1733149085,426
3595,1733149086,426
3596,1733149087,426
3597,1733149088,426
3598,1733149089,426
3599,1733149090,426
